District,HIV_Prev_Total_pct,G_Star_Z_Score,P_Value,Hotspot_Type
Adentan Municipal,2.5,0.723642813096749,0.4692850500858772,Not Significant
Ledzokuku Municipal,2.5,0.723642813096749,0.4692850500858772,Not Significant
Chereponi,0.3,-1.9591785252696743,0.050091883141938576,Not Significant
Wa East,0.4,-1.8874918287255409,0.05909420436984991,Not Significant
Wa Municipal,0.4,-1.835387478318047,0.06644829770908456,Not Significant
Saboba,0.3,-1.9591785252696743,0.050091883141938576,Not Significant
Jirapa Municipal,0.4,-1.835387478318047,0.06644829770908456,Not Significant
Gushegu Municipal,0.3,-1.959178525269674,0.050091883141938576,Not Significant
Sissala West,0.4,-1.835387478318047,0.06644829770908456,Not Significant
Nanumba North Municipal,0.3,-1.9591785252696743,0.050091883141938576,Not Significant
Lambussie Karni,0.4,-1.835387478318047,0.06644829770908456,Not Significant
Bolgatanga Municipal,0.6,-1.1942509416872884,0.232379821537688,Not Significant
Nanumba South,0.3,-1.5211118449431886,0.12823177250721862,Not Significant
Wenchi Municipal,2.2,0.35921470829349106,0.7194344743165813,Not Significant
Bongo,0.6,-1.0627540673401514,0.28789349460995317,Not Significant
Tano South Municipal,2.2,0.08735448588046255,0.9303897460288841,Not Significant
Kasena Nankana West,0.6,,,Not Significant
Wa West,0.4,-1.8657816827224187,0.06207191607805318,Not Significant
Sunyani Municipal,2.2,0.3592147082934908,0.7194344743165815,Not Significant
Sawla Tuna Kalba,0.3,-1.9105044496778425,0.05606829401809543,Not Significant
Asante Akim South Municipal,1.9,-0.004663969081570038,0.9962787045690715,Not Significant
Sissala West,0.4,-1.8110721147945497,0.07012968936845021,Not Significant
Ada East,2.5,0.4011938004652513,0.6882774447625359,Not Significant
Shai-Osudoku,2.5,0.6027244333599371,0.5466920245095304,Not Significant
Kasena Nankana West,0.6,-1.6615706028286514,0.09659890172460095,Not Significant
Ada West,2.5,0.53017340551785,0.5959917081234873,Not Significant
Bunkpurugu Nakpanduri,0.3,-1.8861674118819267,0.05927239845992993,Not Significant
Garu,0.6,-1.7101232948952867,0.08724307597306757,Not Significant
Ningo-Prampram,2.5,0.723642813096749,0.4692850500858772,Not Significant
East Mamprusi Municipal,0.3,-1.822282687667648,0.0684121036677321,Not Significant
La Dade-Kotopon Municipal,2.5,0.723642813096749,0.4692850500858772,Not Significant
Bawku West,0.6,-1.6615706028286514,0.09659890172460095,Not Significant
Aowin Municipal,2.7,0.9671767382884452,0.3334556887404434,Not Significant
Dormaa East,2.2,0.3592147082934908,0.7194344743165815,Not Significant
Suaman,2.7,0.9671767382884452,0.3334556887404434,Not Significant
Berekum East Municipal,2.2,0.35921470829349106,0.7194344743165813,Not Significant
Bia East,2.7,0.6646419856112625,0.506279508267939,Not Significant
Jaman South,2.2,0.3592147082934908,0.7194344743165815,Not Significant
Bia West,2.7,0.9671767382884452,0.3334556887404434,Not Significant
Sunyani West Municipal,2.2,0.3139046712246528,0.7535934424594979,Not Significant
Asunafo North Municipal,2.2,0.5605926508216601,0.575075262661422,Not Significant
Bodi,2.7,0.9671767382884452,0.3334556887404434,Not Significant
Juaboso,2.7,0.7942997367586264,0.42702095725732736,Not Significant
Nkoranza North,2.2,0.30743180878624743,0.758514719806411,Not Significant
Kintampo South,2.2,0.03125634474761573,0.9750651052268426,Not Significant
Shama,2.7,0.7856558866821349,0.43206911361914946,Not Significant
Tano North Municipal,2.2,0.2556489092790035,0.7982219488272935,Not Significant
Wassa East,2.7,0.6559981355347716,0.5118253238524801,Not Significant
Ketu North Municipal,2.1,0.23788829802122033,0.8119677318420169,Not Significant
Mpohor,2.7,0.9671767382884454,0.3334556887404434,Not Significant
Wassa Amenfi West Municipal,2.7,0.9671767382884454,0.3334556887404434,Not Significant
Ketu South Municipal,2.1,0.23788829802122033,0.8119677318420169,Not Significant
Wassa Amenfi Central,2.7,0.9671767382884456,0.3334556887404432,Not Significant
Keta Municipal,2.1,0.23788829802122033,0.8119677318420169,Not Significant
Kadjebi,2.1,0.23788829802122033,0.8119677318420169,Not Significant
Mfantsiman Municipal,2.1,0.23788829802121983,0.8119677318420171,Not Significant
South Tongu,2.1,0.3759568004021648,0.7069490121990065,Not Significant
Ekumfi,2.1,0.23788829802121983,0.8119677318420171,Not Significant
Twifo Heman Lower Denkyira,2.1,0.31842825774343736,0.7501601063328691,Not Significant
Jasikan Municipal,2.1,0.23788829802121983,0.8119677318420171,Not Significant
Twifo Ati Morkwa,2.1,0.5097106620837031,0.6102541821932843,Not Significant
Krachi East Municipal,2.1,0.25802328795177504,0.7963889344196557,Not Significant
Awutu Senya West,2.1,0.3586982376045454,0.7198208469597223,Not Significant
Nkwanta South Municipal,2.1,-0.197027484478752,0.8438060298271217,Not Significant
Awutu Senya West,2.1,0.3586982376045459,0.7198208469597218,Not Significant
Afigya Kwabre South,1.9,-0.00466396908156978,0.9962787045690717,Not Significant
La Nkwantanang Madina Municipal,2.5,0.723642813096749,0.4692850500858772,Not Significant
Atwima Kwanwoma,1.9,-0.004663969081570038,0.9962787045690715,Not Significant
Sekyere South,1.9,-0.004663969081569779,0.9962787045690717,Not Significant
Ga East Municipal,2.5,0.723642813096749,0.4692850500858772,Not Significant
Ayawaso West Municipal,2.5,0.723642813096749,0.4692850500858772,Not Significant
Sekyere East,1.9,-0.004663969081570038,0.9962787045690715,Not Significant
Ga South Municipal,2.5,0.6027244333599371,0.5466920245095304,Not Significant
Ga West Municipal,2.5,0.723642813096749,0.4692850500858772,Not Significant
Sekyere Central,1.9,0.06781411044601857,0.9459336111094347,Not Significant
Ga Central Municipal,2.5,0.723642813096749,0.4692850500858772,Not Significant
Offinso North,1.9,0.22183002944214453,0.8244462016788254,Not Significant
Krachi West Municipal,2.1,0.27815827788232866,0.780890860864913,Not Significant
Offinso Municipal,1.9,-0.00466396908156978,0.9962787045690717,Not Significant
Obuasi Municipal,1.9,-0.004663969081570038,0.9962787045690715,Not Significant
Krachi Nchumuru,2.1,-0.46683634954817943,0.6406169671638793,Not Significant
Kwabre East,1.9,-0.00466396908156978,0.9962787045690717,Not Significant
Agortime-Ziope,2.1,0.23788829802122033,0.8119677318420169,Not Significant
Adaklu,2.1,0.23788829802121983,0.8119677318420171,Not Significant
Ejura Sekyedumase Municipal,1.9,0.11613283013107746,0.9075472701577141,Not Significant
Atwima Nwabiagya South Municipal,1.9,-0.00466396908156978,0.9962787045690717,Not Significant
Akatsi South Municipal,2.1,0.23788829802122063,0.8119677318420164,Not Significant
Atwima Mponua,1.9,0.2906170956604578,0.7713441837090802,Not Significant
Akatsi North,2.1,0.23788829802121983,0.8119677318420171,Not Significant
Ho Municipal,2.1,0.23788829802122033,0.8119677318420169,Not Significant
Adansi South,1.9,0.05573443052475423,0.9555533705284978,Not Significant
Hohoe Municipal,2.1,0.23788829802122033,0.8119677318420169,Not Significant
Adansi Asokwa,1.9,-0.00466396908156978,0.9962787045690717,Not Significant
Ho West,2.1,,,Not Significant
Bosome Freho,1.9,-0.004663969081569779,0.9962787045690717,Not Significant
Afadzato South,2.1,0.23788829802122033,0.8119677318420169,Not Significant
Ahafo Ano South East,1.9,-0.00466396908156978,0.9962787045690717,Not Significant
North Dayi,2.1,0.23788829802121983,0.8119677318420171,Not Significant
Bekwai Municipal,1.9,-0.00466396908156978,0.9962787045690717,Not Significant
Kpando Municipal,2.1,0.23788829802122033,0.8119677318420169,Not Significant
Bosomtwi,1.9,-0.00466396908156978,0.9962787045690717,Not Significant
North Tongu,2.1,0.4795081771878715,0.6315771523173699,Not Significant
Central Tongu,2.1,0.23788829802122033,0.8119677318420169,Not Significant
Mampong Municipal,1.9,-0.004663969081570038,0.9962787045690715,Not Significant
Ajumako Enyan Essiam,2.1,0.23788829802122063,0.8119677318420164,Not Significant
Gomoa West,2.1,0.23788829802122063,0.8119677318420164,Not Significant
Agona West Municipal,2.1,0.23788829802122033,0.8119677318420169,Not Significant
Agona East,2.1,0.23788829802121983,0.8119677318420171,Not Significant
Assin North,2.1,0.1573483382990034,0.8749703262360677,Not Significant
Assin South,2.1,0.23788829802122063,0.8119677318420164,Not Significant
Asikuma Odoben Brakwa,2.1,0.23788829802122063,0.8119677318420164,Not Significant
Effutu Municipal,2.1,0.23788829802121983,0.8119677318420171,Not Significant
Gomoa East,2.1,0.2982932678128831,0.7654793420548955,Not Significant
Abura Asebu Kwamankese,2.1,0.1895643221878899,0.8496505469870255,Not Significant
Jomoro Municipal,2.7,0.9671767382884452,0.3334556887404434,Not Significant
Ellembelle,2.7,0.9671767382884452,0.3334556887404434,Not Significant
Ahafo Ano North Municipal,1.9,,,Not Significant
Dormaa West,2.2,0.6612816220857447,0.5084317250388586,Not Significant
Nadowli Kaleo,0.4,-1.835387478318047,0.06644829770908456,Not Significant
Prestea/Huni Valley Municipal,2.7,0.846162837217572,0.39746191035027056,Not Significant
Ahanta West Municipal,2.7,0.9671767382884452,0.3334556887404434,Not Significant
Daffiama Bussie Issa,0.4,-1.8353874783180468,0.06644829770908456,Not Significant
Nzema East Municipal,2.7,0.9671767382884452,0.3334556887404434,Not Significant
Lawra Municipal,0.4,-1.835387478318047,0.06644829770908456,Not Significant
Nandom,0.4,-1.835387478318047,0.06644829770908456,Not Significant
Tarkwa-Nsuaem Municipal,2.7,0.9671767382884452,0.3334556887404434,Not Significant
Talensi,0.6,-1.4673598345621106,0.14227819469291259,Not Significant
Sefwi Akontombra,2.7,0.9671767382884452,0.3334556887404434,Not Significant
Effia Kwesimintsim Municipal,2.7,0.9671767382884452,0.3334556887404434,Not Significant
Nabdam,0.6,-1.1942509416872884,0.232379821537688,Not Significant
Builsa South,0.6,-1.7829523329952395,0.07459406304394967,Not Significant
Builsa North Municipal,0.6,-1.5887415647286987,0.11211875084214795,Not Significant
Binduri,0.6,-1.5887415647286987,0.11211875084214795,Not Significant
Pusiga,0.6,-1.5887415647286987,0.11211875084214795,Not Significant
Bawku Municipal,0.6,-1.5887415647286987,0.11211875084214795,Not Significant
North Gonja,0.3,-1.938897660439744,0.05251380090270441,Not Significant
West Gonja,0.3,-1.9591785252696743,0.050091883141938576,Not Significant
Mion,0.3,-1.9591785252696743,0.050091883141938576,Not Significant
Yendi Municipal,0.3,-1.9591785252696743,0.050091883141938576,Not Significant
Tolon,0.3,-1.9591785252696743,0.050091883141938576,Not Significant
Kumbungu,0.3,-1.959178525269674,0.050091883141938576,Not Significant
West Mamprusi Municipal,0.3,-1.822282687667648,0.0684121036677321,Not Significant
Mamprugu Moagduri,0.3,-1.8577742011200247,0.06320108623510201,Not Significant
Zabzugu,0.3,-1.9591785252696743,0.050091883141938576,Not Significant
Tatale Sanguli,0.3,-1.9591785252696743,0.050091883141938576,Not Significant
Sene East,2.2,-0.08957042076928609,0.9286285907050518,Not Significant
Bibiani Anhwiaso Bekwai Municipal,2.7,0.5234591010285768,0.6006548052968159,Not Significant
Sene West,2.2,-0.1724230599808758,0.863104944418793,Not Significant
Upper Denkyira East Municipal,2.1,0.3345362496878812,0.7379749416705341,Not Significant
Asutifi North,2.2,0.3592147082934908,0.7194344743165815,Not Significant
Ahafo Ano North Municipal,1.9,0.26712882914688735,0.7893699714050781,Not Significant
Amansie Central,1.9,0.029849402122043903,0.9761871591046365,Not Significant
Amansie West,1.9,-0.00466396908156978,0.9962787045690717,Not Significant
Asutifi South,2.2,0.20386600977176014,0.8384582075029998,Not Significant
Techiman Municipal,2.2,0.2988013255350403,0.765091639489816,Not Significant
Upper Denkyira West,2.1,0.3586982376045462,0.7198208469597216,Not Significant
Techiman North,2.2,0.3592147082934908,0.7194344743165815,Not Significant
"Kumasi Metropolitan Area (KMA)-Bantama, Manhyia North, Manhyia South, Nhyiaeso, & Subin",1.9,0.23692962934372494,0.8127113834310946,Not Significant
Komenda Edina Eguafo Abirem Municipal,2.1,0.5399131469795347,0.5892569308058171,Not Significant
Banda,2.2,-0.09992700067073486,0.920402280196855,Not Significant
Sefwi Wiawso Municipal,2.7,0.7705291490482764,0.44098607097213716,Not Significant
Jaman North,2.2,0.3592147082934908,0.7194344743165815,Not Significant
Asunafo South,2.2,0.528372180017153,0.597241042577112,Not Significant
Tain,2.2,0.3592147082934908,0.7194344743165815,Not Significant
Nkoranza South Municipal,2.2,0.17797456001813794,0.8587429549243404,Not Significant
Sekyere Kumawu,1.9,-0.00466396908156978,0.9962787045690717,Not Significant
Bole,0.3,-0.8031692299636707,0.4218769277041634,Not Significant
Sekyere Afram Plains,1.9,0.17653122973740148,0.8598766161380098,Not Significant
Asante Akim North Municipal,1.9,-0.004663969081570038,0.9962787045690715,Not Significant
Asante Akim Central Municipal,1.9,-0.00466396908156978,0.9962787045690717,Not Significant
Kintampo North Municipal,2.2,-1.0182104185991865,0.3085779692530617,Not Significant
Asokore Mampong Municipal,1.9,-0.004663969081570038,0.9962787045690715,Not Significant
Atebubu Amantin Municipal,2.2,0.20386600977176014,0.8384582075029998,Not Significant
Kwadaso Municipal,1.9,-0.004663969081570038,0.9962787045690715,Not Significant
Kpandai,0.3,-0.6449784842902176,0.5189411288329799,Not Significant
Ejisu Municipal,1.9,-0.00466396908156978,0.9962787045690717,Not Significant
Nkwanta North (Kpassa),2.1,-1.211830976978688,0.22557708793271924,Not Significant
Biakoye,2.1,0.25802328795177504,0.7963889344196557,Not Significant
Wassa Amenfi East Municipal,2.7,0.6041350350758259,0.5457538682587737,Not Significant
Central Gonja,0.3,-1.6288901551822443,0.10333627455658445,Not Significant
Tema West Municipal,2.5,0.723642813096749,0.4692850500858772,Not Significant
Ashaiman Municipal,2.5,0.723642813096749,0.4692850500858772,Not Significant
Pru East,2.2,-0.5590687096349602,0.576114828591153,Not Significant
Kpone Katamanso Municipal,2.5,0.723642813096749,0.4692850500858772,Not Significant
Savelugu Municipal,0.3,-1.9591785252696743,0.050091883141938576,Not Significant
Tamale Metropolitan Area (TMA)-Tamale Central & Tamale South,0.3,-1.959178525269674,0.050091883141938576,Not Significant
Sagnarigu Municipal,0.3,-1.9591785252696743,0.050091883141938576,Not Significant
Karaga,0.3,-1.959178525269674,0.050091883141938576,Not Significant
North East Gonja,0.3,-1.1295067822270886,0.2586841101145336,Not Significant
South Dayi,2.1,0.23788829802122033,0.8119677318420169,Not Significant
Tempane,0.6,-1.5887415647286987,0.11211875084214795,Not Significant
Ahafo Ano South East,1.9,-1.575022358845989,0.11525128370601401,Not Significant
Yunyoo Nasuan,0.3,-1.9591785252696743,0.050091883141938576,Not Significant
Nanton,0.3,-1.9591785252696743,0.050091883141938576,Not Significant
Assin Central Municipal,2.1,0.23788829802122033,0.8119677318420169,Not Significant
Gomoa Central,2.1,0.23788829802121983,0.8119677318420171,Not Significant
Pru West,2.2,-0.023403382510030372,0.9813285068933575,Not Significant
Berekum West,2.2,0.3592147082934908,0.7194344743165815,Not Significant
Ahafo Ano South West,1.9,0.14029218997360715,0.8884291347978066,Not Significant
Amansie South,1.9,0.23692962934372547,0.8127113834310942,Not Significant
Atwima Nwabiagya North,1.9,-0.004663969081570038,0.9962787045690715,Not Significant
Akrofuom,1.9,0.08593363032791558,0.9315191772472702,Not Significant
Adansi North,1.9,-0.00466396908156978,0.9962787045690717,Not Significant
Obuasi East,1.9,-0.004663969081570038,0.9962787045690715,Not Significant
Afigya Kwabre North,1.9,-0.004663969081570038,0.9962787045690715,Not Significant
"Kumasi Metropolitan Area (KMA)-Bantama, Manhyia North, Manhyia South, Nhyiaeso, & Subin",1.9,-0.00466396908156978,0.9962787045690717,Not Significant
Oforikrom Municipal,1.9,-0.004663969081570038,0.9962787045690715,Not Significant
Asokwa Municipal,1.9,-0.004663969081570038,0.9962787045690715,Not Significant
Old Tafo Municipal,1.9,-0.004663969081570038,0.9962787045690715,Not Significant
Suame Municipal,1.9,-0.00466396908156978,0.9962787045690717,Not Significant
Juaben Municipal,1.9,-0.004663969081570038,0.9962787045690715,Not Significant
Ablekuma Central Municipal,2.5,0.723642813096749,0.4692850500858772,Not Significant
Korle Klottey Municipal,2.5,0.723642813096749,0.4692850500858772,Not Significant
Ablekuma North Municipal,2.5,0.723642813096749,0.4692850500858772,Not Significant
Ayawaso North Municipal,2.5,0.723642813096749,0.4692850500858772,Not Significant
Ayawaso East Municipal,2.5,0.723642813096749,0.4692850500858772,Not Significant
Okaikoi North Municipal,2.5,0.7236428130967487,0.4692850500858774,Not Significant
Ga North Municipal,2.5,0.723642813096749,0.4692850500858772,Not Significant
Weija Gbawe Municipal,2.5,0.5624183067809999,0.573831049037314,Not Significant
Krowor Municipal,2.5,0.723642813096749,0.4692850500858772,Not Significant
Tema Metropolitan Area (TMA)-Tema Central & Tema East,2.5,0.723642813096749,0.4692850500858772,Not Significant
East Gonja Municipal,0.3,-0.5719673709024706,0.5673440802411873,Not Significant
Ablekuma West Municipal,2.5,0.723642813096749,0.4692850500858772,Not Significant
Ayawaso Central Municipal,2.5,0.723642813096749,0.4692850500858772,Not Significant
"Accra Metropolitan Area (AMA)-Ablekuma South, Ashiedu Keteke & Okaikoi South",2.5,0.723642813096749,0.4692850500858772,Not Significant
Anloga,2.1,0.39896821746565475,0.6899166228839237,Not Significant
"Sekondi Takoradi Metropolitan Area (STMA)- Takoradi, Sekondi & Essikado-Ketan",2.7,0.9671767382884452,0.3334556887404434,Not Significant
Kwahu South Municipal,2.8,1.0891811110868845,0.2760740268816715,Not Significant
Asene Manso Akroso,2.8,1.0891811110868848,0.2760740268816717,Not Significant
Upper Manya Krobo,2.8,1.0891811110868852,0.2760740268816715,Not Significant
Achiase,2.8,1.0891811110868845,0.2760740268816715,Not Significant
Okere,2.8,0.8470369842443924,0.3969745072420452,Not Significant
Yilo Krobo Municipal,2.8,1.0891811110868852,0.2760740268816715,Not Significant
Atiwa West,2.8,1.0891811110868852,0.2760740268816715,Not Significant
New Juaben North Municipal,2.8,1.0891811110868845,0.2760740268816715,Not Significant
Fanteakwa North,2.8,1.0891811110868845,0.2760740268816715,Not Significant
Birim North,2.8,1.0891811110868845,0.2760740268816715,Not Significant
Asuogyaman,2.8,1.0891811110868845,0.2760740268816715,Not Significant
Kwahu East,2.8,1.0891811110868845,0.2760740268816715,Not Significant
Kwahu East,2.8,1.0891811110868845,0.2760740268816715,Not Significant
Lower Manya Krobo Municipal,2.8,1.0891811110868845,0.2760740268816715,Not Significant
Nsawam Adoagyiri Municipal,2.8,0.8470369842443924,0.3969745072420452,Not Significant
Tano South Municipal,2.2,0.842521770361096,0.39949595908408075,Not Significant
Denkyembuor,2.8,1.0891811110868848,0.2760740268816717,Not Significant
Kwaebibirem Municipal,2.8,1.0891811110868845,0.2760740268816715,Not Significant
Kwahu Afram Plains South,2.8,1.0891811110868845,0.2760740268816715,Not Significant
Kwahu Afram Plains North,2.8,1.0891811110868845,0.2760740268816715,Not Significant
Suhum Municipal,2.8,0.9438946349813891,0.3452234938963321,Not Significant
Ayensuano,2.8,0.9075730159550156,0.3641038563101169,Not Significant
Abuakwa South Municipal,2.8,1.0891811110868848,0.2760740268816717,Not Significant
Upper West Akim,2.8,1.0891811110868845,0.2760740268816715,Not Significant
Upper West Akim,2.8,1.0891811110868845,0.2760740268816715,Not Significant
Akyemansa,2.8,1.0891811110868845,0.2760740268816715,Not Significant
Atiwa East,2.8,1.0891811110868852,0.2760740268816715,Not Significant
New Juaben South Municipal,2.8,0.9438946349813891,0.3452234938963321,Not Significant
Birim South,2.8,1.0891811110868845,0.2760740268816715,Not Significant
Abuakwa North Municipal,2.8,1.0891811110868845,0.2760740268816715,Not Significant
Asunafo North Municipal,2.2,0.9391831827746178,0.34763670186228257,Not Significant
Fanteakwa South,2.8,1.0891811110868852,0.2760740268816715,Not Significant
Birim Central Municipal,2.8,1.0891811110868845,0.2760740268816715,Not Significant
