Region,District,Class,Latitude,Longitude,Poverty_Incidence_pct,Poverty_Intensity_pct,Illiteracy_Rate_pct,Uninsured_Rate_pct,Unemployment_Rate_pct,Youth_Dependency_Ratio,Total_Pop,Condom_Use_Women_pct,Condom_Use_Men_pct,HighRisk_Sex_Women_pct,HighRisk_Sex_Men_pct,HIV_Awareness_Women_pct,HIV_Awareness_Men_pct,PMTCT_Knowledge_Women_pct,PMTCT_Knowledge_Men_pct,VCT_Women_pct,VCT_Men_pct,VCT_12mo_Women_pct,Refuse_Sex_Women_pct,Ask_Condom_STI_Women_pct,No_Insurance_Women_pct,No_Insurance_Men_pct,Literacy_Women_pct,Secondary_Edu_Women_pct,Edu_Secondary_Women_pct,No_Education_Women_pct,Wife_Beating_Accept_pct,Adolescent_Fertility_Rate,Modern_Contraception_pct,Unmet_FP_Need_pct,HIV_Prev_Women_pct,HIV_Prev_Men_pct,HIV_Prev_Total_pct
Ahafo,Asunafo North Municipal,Municipal,6.81509969999999,-2.67736640122449,26.1,42.0,26.32,14.24,46.82,59.28,151258,8.8,29.7,29.3,43.5,96.5,98.8,79.6,67.0,57.4,26.0,13.3,75.3,92.9,4.7,21.2,48.3,5.1,70.7,17.5,22.8,60.0,29.8,24.1,2.9,1.4,2.2
Ahafo,Asunafo South,District,6.56280465,-2.53279356335542,26.2,42.7,28.89,47.5,43.51,62.41,91693,8.8,29.7,29.3,43.5,96.5,98.8,79.6,67.0,57.4,26.0,13.3,75.3,92.9,4.7,21.2,48.3,5.1,70.7,17.5,22.8,60.0,29.8,24.1,2.9,1.4,2.2
Ahafo,Asutifi North,District,7.07651835,-2.52531850396715,26.6,43.1,25.55,17.3,48.59,58.29,73556,8.8,29.7,29.3,43.5,96.5,98.8,79.6,67.0,57.4,26.0,13.3,75.3,92.9,4.7,21.2,48.3,5.1,70.7,17.5,22.8,60.0,29.8,24.1,2.9,1.4,2.2
Ahafo,Asutifi South,District,6.84924284999999,-2.46125343688365,23.2,42.4,29.26,21.67,49.12,62.46,67334,8.8,29.7,29.3,43.5,96.5,98.8,79.6,67.0,57.4,26.0,13.3,75.3,92.9,4.7,21.2,48.3,5.1,70.7,17.5,22.8,60.0,29.8,24.1,2.9,1.4,2.2
Ahafo,Tano North Municipal,Municipal,7.19329065,-2.2080833699397,21.6,42.3,23.45,14.1,48.5,58.01,93838,8.8,29.7,29.3,43.5,96.5,98.8,79.6,67.0,57.4,26.0,13.3,75.3,92.9,4.7,21.2,48.3,5.1,70.7,17.5,22.8,60.0,29.8,24.1,2.9,1.4,2.2
Ahafo,Tano South Municipal,Municipal,7.16093674999999,-1.99681708617696,23.7,42.6,27.91,20.45,47.42,62.19,86989,8.8,29.7,29.3,43.5,96.5,98.8,79.6,67.0,57.4,26.0,13.3,75.3,92.9,4.7,21.2,48.3,5.1,70.7,17.5,22.8,60.0,29.8,24.1,2.9,1.4,2.2
Ashanti,Adansi Asokwa,District,6.2467263,-1.50841,32.4,43.3,28.26,50.15,48.11,62.99,71844,8.1,13.6,38.6,54.4,98.7,99.0,75.7,73.9,62.9,23.7,16.4,75.1,92.4,7.5,22.2,61.5,11.5,79.8,9.0,16.0,62.0,26.9,23.0,2.6,1.1,1.9
Ashanti,Adansi North,District,6.3006124,-1.5897139446089,19.7,42.8,18.16,27.63,51.52,54.48,54155,8.1,13.6,38.6,54.4,98.7,99.0,75.7,73.9,62.9,23.7,16.4,75.1,92.4,7.5,22.2,61.5,11.5,79.8,9.0,16.0,62.0,26.9,23.0,2.6,1.1,1.9
Ashanti,Adansi South,District,6.00427495,-1.39314032189093,35.0,43.2,27.07,46.09,45.03,62.6,85200,8.1,13.6,38.6,54.4,98.7,99.0,75.7,73.9,62.9,23.7,16.4,75.1,92.4,7.5,22.2,61.5,11.5,79.8,9.0,16.0,62.0,26.9,23.0,2.6,1.1,1.9
Ashanti,Afigya Kwabre North,District,7.03891495,-1.62667127242319,25.2,43.7,23.98,30.12,51.79,70.24,73330,8.1,13.6,38.6,54.4,98.7,99.0,75.7,73.9,62.9,23.7,16.4,75.1,92.4,7.5,22.2,61.5,11.5,79.8,9.0,16.0,62.0,26.9,23.0,2.6,1.1,1.9
Ashanti,Afigya Kwabre South,District,6.83998064999999,-1.60957900170106,13.0,43.3,13.42,24.97,49.3,61.43,234667,8.1,13.6,38.6,54.4,98.7,99.0,75.7,73.9,62.9,23.7,16.4,75.1,92.4,7.5,22.2,61.5,11.5,79.8,9.0,16.0,62.0,26.9,23.0,2.6,1.1,1.9
Ashanti,Ahafo Ano North Municipal,Municipal,6.90966445,-2.23301229669742,26.5,41.2,24.92,30.64,43.12,62.02,92742,8.1,13.6,38.6,54.4,98.7,99.0,75.7,73.9,62.9,23.7,16.4,75.1,92.4,7.5,22.2,61.5,11.5,79.8,9.0,16.0,62.0,26.9,23.0,2.6,1.1,1.9
Ashanti,Ahafo Ano South East,District,6.94633355,-1.90095355028736,31.8,42.5,32.24,32.34,46.29,71.19,63468,8.1,13.6,38.6,54.4,98.7,99.0,75.7,73.9,62.9,23.7,16.4,75.1,92.4,7.5,22.2,61.5,11.5,79.8,9.0,16.0,62.0,26.9,23.0,2.6,1.1,1.9
Ashanti,Ahafo Ano South West,District,6.8289788,-2.00038660056909,31.9,41.8,31.43,37.52,44.39,64.65,65770,8.1,13.6,38.6,54.4,98.7,99.0,75.7,73.9,62.9,23.7,16.4,75.1,92.4,7.5,22.2,61.5,11.5,79.8,9.0,16.0,62.0,26.9,23.0,2.6,1.1,1.9
Ashanti,Akrofuom,District,6.03262245,-1.67136425707588,37.0,44.2,30.03,42.84,49.31,58.86,49291,8.1,13.6,38.6,54.4,98.7,99.0,75.7,73.9,62.9,23.7,16.4,75.1,92.4,7.5,22.2,61.5,11.5,79.8,9.0,16.0,62.0,26.9,23.0,2.6,1.1,1.9
Ashanti,Amansie Central,District,6.20744165,-1.82814118592735,28.6,43.3,29.44,33.99,44.63,57.8,93052,8.1,13.6,38.6,54.4,98.7,99.0,75.7,73.9,62.9,23.7,16.4,75.1,92.4,7.5,22.2,61.5,11.5,79.8,9.0,16.0,62.0,26.9,23.0,2.6,1.1,1.9
Ashanti,Amansie South,District,6.30802585,-2.01186652006877,30.3,44.4,30.17,48.14,45.61,52.44,113155,8.1,13.6,38.6,54.4,98.7,99.0,75.7,73.9,62.9,23.7,16.4,75.1,92.4,7.5,22.2,61.5,11.5,79.8,9.0,16.0,62.0,26.9,23.0,2.6,1.1,1.9
Ashanti,Amansie West,District,6.43975084999999,-1.85237045719587,31.0,44.7,27.0,43.02,52.21,61.25,112627,8.1,13.6,38.6,54.4,98.7,99.0,75.7,73.9,62.9,23.7,16.4,75.1,92.4,7.5,22.2,61.5,11.5,79.8,9.0,16.0,62.0,26.9,23.0,2.6,1.1,1.9
Ashanti,Asante Akim Central Municipal,Municipal,6.56465915,-1.25347851347396,16.9,42.6,17.22,19.68,51.13,55.83,91673,8.1,13.6,38.6,54.4,98.7,99.0,75.7,73.9,62.9,23.7,16.4,75.1,92.4,7.5,22.2,61.5,11.5,79.8,9.0,16.0,62.0,26.9,23.0,2.6,1.1,1.9
Ashanti,Asante Akim North Municipal,Municipal,6.906722,-0.958978,26.0,42.1,23.85,34.0,47.13,55.04,85202,8.1,13.6,38.6,54.4,98.7,99.0,75.7,73.9,62.9,23.7,16.4,75.1,92.4,7.5,22.2,61.5,11.5,79.8,9.0,16.0,62.0,26.9,23.0,2.6,1.1,1.9
Ashanti,Asante Akim South Municipal,Municipal,6.46141735,-1.11533920112058,24.6,42.2,25.62,32.61,43.84,65.69,123633,8.1,13.6,38.6,54.4,98.7,99.0,75.7,73.9,62.9,23.7,16.4,75.1,92.4,7.5,22.2,61.5,11.5,79.8,9.0,16.0,62.0,26.9,23.0,2.6,1.1,1.9
Ashanti,Asokore Mampong Municipal,Municipal,6.7077852,-1.5665013,11.3,42.7,19.35,20.28,48.52,51.93,191402,8.1,13.6,38.6,54.4,98.7,99.0,75.7,73.9,62.9,23.7,16.4,75.1,92.4,7.5,22.2,61.5,11.5,79.8,9.0,16.0,62.0,26.9,23.0,2.6,1.1,1.9
Ashanti,Asokwa Municipal,Municipal,6.6739843,-1.6026178,6.3,41.4,10.73,14.25,44.07,48.27,125642,8.1,13.6,38.6,54.4,98.7,99.0,75.7,73.9,62.9,23.7,16.4,75.1,92.4,7.5,22.2,61.5,11.5,79.8,9.0,16.0,62.0,26.9,23.0,2.6,1.1,1.9
Ashanti,Atwima Kwanwoma,District,6.65,-1.73333,13.8,43.3,13.57,26.15,49.99,59.8,234846,8.1,13.6,38.6,54.4,98.7,99.0,75.7,73.9,62.9,23.7,16.4,75.1,92.4,7.5,22.2,61.5,11.5,79.8,9.0,16.0,62.0,26.9,23.0,2.6,1.1,1.9
Ashanti,Atwima Mponua,District,6.5558963,-2.17659077213842,25.1,42.4,29.22,24.13,43.5,64.9,155254,8.1,13.6,38.6,54.4,98.7,99.0,75.7,73.9,62.9,23.7,16.4,75.1,92.4,7.5,22.2,61.5,11.5,79.8,9.0,16.0,62.0,26.9,23.0,2.6,1.1,1.9
Ashanti,Atwima Nwabiagya North,District,6.87764335,-1.74489585317473,13.5,43.1,15.74,21.41,50.93,59.81,155025,8.1,13.6,38.6,54.4,98.7,99.0,75.7,73.9,62.9,23.7,16.4,75.1,92.4,7.5,22.2,61.5,11.5,79.8,9.0,16.0,62.0,26.9,23.0,2.6,1.1,1.9
Ashanti,Atwima Nwabiagya South Municipal,Municipal,7.0689359,-2.0226618,12.5,43.0,13.83,23.44,48.4,56.9,161893,8.1,13.6,38.6,54.4,98.7,99.0,75.7,73.9,62.9,23.7,16.4,75.1,92.4,7.5,22.2,61.5,11.5,79.8,9.0,16.0,62.0,26.9,23.0,2.6,1.1,1.9
Ashanti,Bekwai Municipal,Municipal,6.43631235,-1.59282285301503,19.4,43.6,17.87,27.7,51.03,58.57,137967,8.1,13.6,38.6,54.4,98.7,99.0,75.7,73.9,62.9,23.7,16.4,75.1,92.4,7.5,22.2,61.5,11.5,79.8,9.0,16.0,62.0,26.9,23.0,2.6,1.1,1.9
Ashanti,Bosome Freho,District,6.3681227,-1.36632312680072,31.3,41.0,28.55,49.05,40.5,67.8,62259,8.1,13.6,38.6,54.4,98.7,99.0,75.7,73.9,62.9,23.7,16.4,75.1,92.4,7.5,22.2,61.5,11.5,79.8,9.0,16.0,62.0,26.9,23.0,2.6,1.1,1.9
Ashanti,Bosomtwi,District,6.1777503,-0.1969922,16.1,43.8,13.87,28.31,50.09,60.46,165180,8.1,13.6,38.6,54.4,98.7,99.0,75.7,73.9,62.9,23.7,16.4,75.1,92.4,7.5,22.2,61.5,11.5,79.8,9.0,16.0,62.0,26.9,23.0,2.6,1.1,1.9
Ashanti,Ejisu Municipal,Municipal,6.7139918,-1.4665782,13.5,43.6,14.91,21.69,50.56,56.15,180723,8.1,13.6,38.6,54.4,98.7,99.0,75.7,73.9,62.9,23.7,16.4,75.1,92.4,7.5,22.2,61.5,11.5,79.8,9.0,16.0,62.0,26.9,23.0,2.6,1.1,1.9
Ashanti,Ejura Sekyedumase Municipal,Municipal,7.38567515,-1.39945747215309,25.0,42.2,35.88,33.58,46.85,70.77,137672,8.1,13.6,38.6,54.4,98.7,99.0,75.7,73.9,62.9,23.7,16.4,75.1,92.4,7.5,22.2,61.5,11.5,79.8,9.0,16.0,62.0,26.9,23.0,2.6,1.1,1.9
Ashanti,Juaben Municipal,Municipal,6.0721368,-0.260652306105858,20.9,43.1,21.97,30.42,47.11,64.52,63929,8.1,13.6,38.6,54.4,98.7,99.0,75.7,73.9,62.9,23.7,16.4,75.1,92.4,7.5,22.2,61.5,11.5,79.8,9.0,16.0,62.0,26.9,23.0,2.6,1.1,1.9
Ashanti,"Kumasi Metropolitan Area (KMA)-Bantama, Manhyia North, Manhyia South, Nhyiaeso, & Subin",Metropolitan,6.698152,-1.621229,8.9,42.3,10.82,22.55,48.25,42.04,443945,8.1,13.6,38.6,54.4,98.7,99.0,75.7,73.9,62.9,23.7,16.4,75.1,92.4,7.5,22.2,61.5,11.5,79.8,9.0,16.0,62.0,26.9,23.0,2.6,1.1,1.9
Ashanti,Kwabre East,Municipal,6.7897864,-1.53792852576917,10.6,43.3,12.89,24.41,47.25,59.9,296814,8.1,13.6,38.6,54.4,98.7,99.0,75.7,73.9,62.9,23.7,16.4,75.1,92.4,7.5,22.2,61.5,11.5,79.8,9.0,16.0,62.0,26.9,23.0,2.6,1.1,1.9
Ashanti,Kwadaso Municipal,Municipal,6.68059249999999,-1.67467000057054,9.5,42.4,8.43,21.67,51.14,44.08,154526,8.1,13.6,38.6,54.4,98.7,99.0,75.7,73.9,62.9,23.7,16.4,75.1,92.4,7.5,22.2,61.5,11.5,79.8,9.0,16.0,62.0,26.9,23.0,2.6,1.1,1.9
Ashanti,Mampong Municipal,Municipal,7.056139,-1.40425,22.5,42.6,20.67,29.79,53.56,56.22,116632,8.1,13.6,38.6,54.4,98.7,99.0,75.7,73.9,62.9,23.7,16.4,75.1,92.4,7.5,22.2,61.5,11.5,79.8,9.0,16.0,62.0,26.9,23.0,2.6,1.1,1.9
Ashanti,Obuasi East,Municipal,6.1796409,-1.60356394182495,13.1,42.7,15.48,17.4,51.29,54.67,92401,8.1,13.6,38.6,54.4,98.7,99.0,75.7,73.9,62.9,23.7,16.4,75.1,92.4,7.5,22.2,61.5,11.5,79.8,9.0,16.0,62.0,26.9,23.0,2.6,1.1,1.9
Ashanti,Obuasi Municipal,Municipal,6.211542,-1.6894045,11.1,42.8,12.32,19.66,49.09,49.38,104297,8.1,13.6,38.6,54.4,98.7,99.0,75.7,73.9,62.9,23.7,16.4,75.1,92.4,7.5,22.2,61.5,11.5,79.8,9.0,16.0,62.0,26.9,23.0,2.6,1.1,1.9
Ashanti,Offinso Municipal,Municipal,7.05794129999999,-1.73462655987467,23.5,42.8,24.85,30.81,51.11,63.75,137272,8.1,13.6,38.6,54.4,98.7,99.0,75.7,73.9,62.9,23.7,16.4,75.1,92.4,7.5,22.2,61.5,11.5,79.8,9.0,16.0,62.0,26.9,23.0,2.6,1.1,1.9
Ashanti,Offinso North,District,7.27974815,-1.79832745610104,34.3,41.5,37.39,33.47,43.79,70.54,83440,8.1,13.6,38.6,54.4,98.7,99.0,75.7,73.9,62.9,23.7,16.4,75.1,92.4,7.5,22.2,61.5,11.5,79.8,9.0,16.0,62.0,26.9,23.0,2.6,1.1,1.9
Ashanti,Oforikrom Municipal,Municipal,6.672717,-1.5504236985326,10.0,42.8,10.1,23.01,59.81,34.76,213126,8.1,13.6,38.6,54.4,98.7,99.0,75.7,73.9,62.9,23.7,16.4,75.1,92.4,7.5,22.2,61.5,11.5,79.8,9.0,16.0,62.0,26.9,23.0,2.6,1.1,1.9
Ashanti,Old Tafo Municipal,Municipal,6.74083555,-1.60465968075918,9.2,42.9,11.73,24.65,45.31,50.11,114368,8.1,13.6,38.6,54.4,98.7,99.0,75.7,73.9,62.9,23.7,16.4,75.1,92.4,7.5,22.2,61.5,11.5,79.8,9.0,16.0,62.0,26.9,23.0,2.6,1.1,1.9
Ashanti,Sekyere Afram Plains,District,7.20286155,-0.592081996515861,50.5,40.8,51.7,63.4,42.38,79.32,33226,8.1,13.6,38.6,54.4,98.7,99.0,75.7,73.9,62.9,23.7,16.4,75.1,92.4,7.5,22.2,61.5,11.5,79.8,9.0,16.0,62.0,26.9,23.0,2.6,1.1,1.9
Ashanti,Sekyere Central,District,7.21625465,-1.09955606489201,39.8,42.4,33.02,52.34,47.72,67.01,73228,8.1,13.6,38.6,54.4,98.7,99.0,75.7,73.9,62.9,23.7,16.4,75.1,92.4,7.5,22.2,61.5,11.5,79.8,9.0,16.0,62.0,26.9,23.0,2.6,1.1,1.9
Ashanti,Sekyere East,District,6.77947295,-1.29935419961981,17.3,42.5,17.21,23.59,50.74,60.19,74789,8.1,13.6,38.6,54.4,98.7,99.0,75.7,73.9,62.9,23.7,16.4,75.1,92.4,7.5,22.2,61.5,11.5,79.8,9.0,16.0,62.0,26.9,23.0,2.6,1.1,1.9
Ashanti,Sekyere Kumawu,District,6.9098849,-1.23942940155571,23.9,42.9,20.33,35.78,50.45,65.17,64396,8.1,13.6,38.6,54.4,98.7,99.0,75.7,73.9,62.9,23.7,16.4,75.1,92.4,7.5,22.2,61.5,11.5,79.8,9.0,16.0,62.0,26.9,23.0,2.6,1.1,1.9
Ashanti,Sekyere South,District,6.99532965,-1.50292100938884,22.6,42.8,17.74,26.93,52.82,59.59,120076,8.1,13.6,38.6,54.4,98.7,99.0,75.7,73.9,62.9,23.7,16.4,75.1,92.4,7.5,22.2,61.5,11.5,79.8,9.0,16.0,62.0,26.9,23.0,2.6,1.1,1.9
Ashanti,Suame Municipal,Municipal,6.738487,-1.62476687694823,8.7,42.7,10.34,23.69,43.49,50.57,136290,8.1,13.6,38.6,54.4,98.7,99.0,75.7,73.9,62.9,23.7,16.4,75.1,92.4,7.5,22.2,61.5,11.5,79.8,9.0,16.0,62.0,26.9,23.0,2.6,1.1,1.9
Bono,Banda,District,8.1645269,-2.3569966,35.7,43.7,41.63,23.59,56.41,63.37,28179,8.8,26.0,38.6,55.1,96.7,97.9,77.8,73.2,54.5,25.3,15.8,68.7,81.4,1.5,22.5,61.5,10.2,77.4,11.8,17.2,36.0,22.2,23.7,2.9,1.4,2.2
Bono,Berekum East Municipal,Municipal,7.4848835,-2.56459096524003,12.6,41.7,14.74,11.53,51.35,50.65,106252,8.8,26.0,38.6,55.1,96.7,97.9,77.8,73.2,54.5,25.3,15.8,68.7,81.4,1.5,22.5,61.5,10.2,77.4,11.8,17.2,36.0,22.2,23.7,2.9,1.4,2.2
Bono,Berekum West,District,7.47199419999999,-2.71078914019081,14.8,41.6,22.9,12.49,50.65,55.68,49464,8.8,26.0,38.6,55.1,96.7,97.9,77.8,73.2,54.5,25.3,15.8,68.7,81.4,1.5,22.5,61.5,10.2,77.4,11.8,17.2,36.0,22.2,23.7,2.9,1.4,2.2
Bono,Dormaa Central Municipal,Municipal,7.23948645,-2.85657511014467,15.8,41.7,22.18,17.34,47.13,55.49,112702,8.8,26.0,38.6,55.1,96.7,97.9,77.8,73.2,54.5,25.3,15.8,68.7,81.4,1.5,22.5,61.5,10.2,77.4,11.8,17.2,36.0,22.2,23.7,2.9,1.4,2.2
Bono,Dormaa East,District,7.26432845,-2.64146295349265,19.5,41.7,24.68,13.64,49.66,56.25,67899,8.8,26.0,38.6,55.1,96.7,97.9,77.8,73.2,54.5,25.3,15.8,68.7,81.4,1.5,22.5,61.5,10.2,77.4,11.8,17.2,36.0,22.2,23.7,2.9,1.4,2.2
Bono,Dormaa West,District,6.97538415,-2.9463116043167,23.2,40.8,30.1,20.34,41.23,62.2,47913,8.8,26.0,38.6,55.1,96.7,97.9,77.8,73.2,54.5,25.3,15.8,68.7,81.4,1.5,22.5,61.5,10.2,77.4,11.8,17.2,36.0,22.2,23.7,2.9,1.4,2.2
Bono,Jaman North,District,7.9132614,-2.69723280400663,14.5,42.4,26.41,7.06,51.83,59.58,116529,8.8,26.0,38.6,55.1,96.7,97.9,77.8,73.2,54.5,25.3,15.8,68.7,81.4,1.5,22.5,61.5,10.2,77.4,11.8,17.2,36.0,22.2,23.7,2.9,1.4,2.2
Bono,Jaman South,Municipal,7.62036559999999,-2.7963718064665,15.6,42.1,26.35,8.82,49.44,59.48,109768,8.8,26.0,38.6,55.1,96.7,97.9,77.8,73.2,54.5,25.3,15.8,68.7,81.4,1.5,22.5,61.5,10.2,77.4,11.8,17.2,36.0,22.2,23.7,2.9,1.4,2.2
Bono,Sunyani Municipal,Municipal,7.3384389,-2.3309226,10.9,41.5,14.47,11.18,51.26,48.05,193595,8.8,26.0,38.6,55.1,96.7,97.9,77.8,73.2,54.5,25.3,15.8,68.7,81.4,1.5,22.5,61.5,10.2,77.4,11.8,17.2,36.0,22.2,23.7,2.9,1.4,2.2
Bono,Sunyani West Municipal,Municipal,7.35779433737633,-2.34687996021684,17.6,43.1,20.83,15.61,55.78,50.24,136022,8.8,26.0,38.6,55.1,96.7,97.9,77.8,73.2,54.5,25.3,15.8,68.7,81.4,1.5,22.5,61.5,10.2,77.4,11.8,17.2,36.0,22.2,23.7,2.9,1.4,2.2
Bono,Tain,District,7.9614185,-2.1422727,21.5,41.9,36.55,19.06,46.67,61.96,115568,8.8,26.0,38.6,55.1,96.7,97.9,77.8,73.2,54.5,25.3,15.8,68.7,81.4,1.5,22.5,61.5,10.2,77.4,11.8,17.2,36.0,22.2,23.7,2.9,1.4,2.2
Bono,Wenchi Municipal,Municipal,7.80281055,-2.08141333112632,23.6,42.2,33.76,20.26,50.64,64.4,124758,8.8,26.0,38.6,55.1,96.7,97.9,77.8,73.2,54.5,25.3,15.8,68.7,81.4,1.5,22.5,61.5,10.2,77.4,11.8,17.2,36.0,22.2,23.7,2.9,1.4,2.2
Bono East,Atebubu Amantin Municipal,Municipal,7.72813859999999,-1.09550967027384,28.8,41.5,40.99,25.49,44.98,71.37,144947,10.4,26.0,30.7,47.0,90.7,94.4,63.6,60.1,53.1,20.8,12.2,73.3,81.5,6.8,18.2,44.9,6.3,57.8,24.0,19.0,92.0,17.7,29.6,2.9,1.4,2.2
Bono East,Kintampo North Municipal,Municipal,8.053714,-1.728919,28.1,43.4,40.52,21.6,53.38,67.48,140250,10.4,26.0,30.7,47.0,90.7,94.4,63.6,60.1,53.1,20.8,12.2,73.3,81.5,6.8,18.2,44.9,6.3,57.8,24.0,19.0,92.0,17.7,29.6,2.9,1.4,2.2
Bono East,Kintampo South,District,7.94321545,-1.73400515142892,26.0,42.3,40.52,18.55,46.47,68.68,88384,10.4,26.0,30.7,47.0,90.7,94.4,63.6,60.1,53.1,20.8,12.2,73.3,81.5,6.8,18.2,44.9,6.3,57.8,24.0,19.0,92.0,17.7,29.6,2.9,1.4,2.2
Bono East,Nkoranza North,District,7.7184776,-1.64389618122841,25.8,41.4,34.75,17.75,46.87,64.86,56468,10.4,26.0,30.7,47.0,90.7,94.4,63.6,60.1,53.1,20.8,12.2,73.3,81.5,6.8,18.2,44.9,6.3,57.8,24.0,19.0,92.0,17.7,29.6,2.9,1.4,2.2
Bono East,Nkoranza South Municipal,Municipal,7.45296465,-1.67701851419084,18.0,41.6,29.96,14.69,46.81,62.06,114642,10.4,26.0,30.7,47.0,90.7,94.4,63.6,60.1,53.1,20.8,12.2,73.3,81.5,6.8,18.2,44.9,6.3,57.8,24.0,19.0,92.0,17.7,29.6,2.9,1.4,2.2
Bono East,Pru East,District,7.9636217,-0.9549861,30.3,41.2,43.86,28.24,45.26,70.85,100840,10.4,26.0,30.7,47.0,90.7,94.4,63.6,60.1,53.1,20.8,12.2,73.3,81.5,6.8,18.2,44.9,6.3,57.8,24.0,19.0,92.0,17.7,29.6,2.9,1.4,2.2
Bono East,Pru West,District,8.03487795,-1.31329234137589,38.3,40.8,47.34,41.22,43.97,71.07,69820,10.4,26.0,30.7,47.0,90.7,94.4,63.6,60.1,53.1,20.8,12.2,73.3,81.5,6.8,18.2,44.9,6.3,57.8,24.0,19.0,92.0,17.7,29.6,2.9,1.4,2.2
Bono East,Sene East,District,7.6658435,-0.182426172494555,49.5,41.5,49.9,43.63,43.57,78.94,72081,10.4,26.0,30.7,47.0,90.7,94.4,63.6,60.1,53.1,20.8,12.2,73.3,81.5,6.8,18.2,44.9,6.3,57.8,24.0,19.0,92.0,17.7,29.6,2.9,1.4,2.2
Bono East,Sene West,District,7.74897775,-0.618112944814146,26.8,41.0,47.63,20.33,38.67,69.63,70104,10.4,26.0,30.7,47.0,90.7,94.4,63.6,60.1,53.1,20.8,12.2,73.3,81.5,6.8,18.2,44.9,6.3,57.8,24.0,19.0,92.0,17.7,29.6,2.9,1.4,2.2
Bono East,Techiman Municipal,Municipal,7.5279454,-1.97466940505838,9.8,41.4,23.61,11.53,43.28,57.77,243335,10.4,26.0,30.7,47.0,90.7,94.4,63.6,60.1,53.1,20.8,12.2,73.3,81.5,6.8,18.2,44.9,6.3,57.8,24.0,19.0,92.0,17.7,29.6,2.9,1.4,2.2
Bono East,Techiman North,District,7.70365499999999,-1.98577027897075,15.0,41.8,26.88,14.99,48.06,58.73,102529,10.4,26.0,30.7,47.0,90.7,94.4,63.6,60.1,53.1,20.8,12.2,73.3,81.5,6.8,18.2,44.9,6.3,57.8,24.0,19.0,92.0,17.7,29.6,2.9,1.4,2.2
Central,Abura Asebu Kwamankese,District,5.2698722,-1.18890498156872,28.0,44.1,26.92,35.54,50.57,62.79,124465,11.4,29.3,39.9,56.2,98.4,95.7,69.9,64.7,57.4,20.9,16.0,78.6,95.1,16.5,40.2,72.9,7.8,76.6,7.4,19.3,60.0,27.1,21.3,2.8,1.3,2.1
Central,Agona East,District,5.63553575,-0.654757357749996,25.9,43.6,22.75,53.92,49.42,57.62,98637,11.4,29.3,39.9,56.2,98.4,95.7,69.9,64.7,57.4,20.9,16.0,78.6,95.1,16.5,40.2,72.9,7.8,76.6,7.4,19.3,60.0,27.1,21.3,2.8,1.3,2.1
Central,Agona West Municipal,Municipal,4.8901537,-1.9664135,21.0,43.7,19.49,36.45,48.1,55.15,136569,11.4,29.3,39.9,56.2,98.4,95.7,69.9,64.7,57.4,20.9,16.0,78.6,95.1,16.5,40.2,72.9,7.8,76.6,7.4,19.3,60.0,27.1,21.3,2.8,1.3,2.1
Central,Ajumako Enyan Essiam,District,5.41243515,-0.984801059019988,29.6,43.5,24.18,40.74,50.08,63.54,120586,11.4,29.3,39.9,56.2,98.4,95.7,69.9,64.7,57.4,20.9,16.0,78.6,95.1,16.5,40.2,72.9,7.8,76.6,7.4,19.3,60.0,27.1,21.3,2.8,1.3,2.1
Central,Asikuma Odoben Brakwa,District,5.62649825,-1.02551876426311,29.0,42.3,25.36,36.64,45.63,64.53,126993,11.4,29.3,39.9,56.2,98.4,95.7,69.9,64.7,57.4,20.9,16.0,78.6,95.1,16.5,40.2,72.9,7.8,76.6,7.4,19.3,60.0,27.1,21.3,2.8,1.3,2.1
Central,Assin Central Municipal,Municipal,5.73294244999999,-1.31730368183195,18.1,42.8,14.64,34.53,45.5,58.76,88753,11.4,29.3,39.9,56.2,98.4,95.7,69.9,64.7,57.4,20.9,16.0,78.6,95.1,16.5,40.2,72.9,7.8,76.6,7.4,19.3,60.0,27.1,21.3,2.8,1.3,2.1
Central,Assin North,District,5.82545685,-1.37392719579152,31.9,42.0,27.51,47.2,42.01,62.54,80539,11.4,29.3,39.9,56.2,98.4,95.7,69.9,64.7,57.4,20.9,16.0,78.6,95.1,16.5,40.2,72.9,7.8,76.6,7.4,19.3,60.0,27.1,21.3,2.8,1.3,2.1
Central,Assin South,District,5.52889644999999,-1.2709401638536,27.4,41.7,25.67,36.3,45.56,66.85,105995,11.4,29.3,39.9,56.2,98.4,95.7,69.9,64.7,57.4,20.9,16.0,78.6,95.1,16.5,40.2,72.9,7.8,76.6,7.4,19.3,60.0,27.1,21.3,2.8,1.3,2.1
Central,Awutu Senya West,District,5.61965885,-0.520145612112832,22.5,44.5,25.3,57.33,45.22,64.89,161460,11.4,29.3,39.9,56.2,98.4,95.7,69.9,64.7,57.4,20.9,16.0,78.6,95.1,16.5,40.2,72.9,7.8,76.6,7.4,19.3,60.0,27.1,21.3,2.8,1.3,2.1
Central,Awutu Senya East Municipal,Municipal,5.40379055,-0.518157686947431,10.6,42.9,10.35,41.97,45.99,53.02,236527,11.4,29.3,39.9,56.2,98.4,95.7,69.9,64.7,57.4,20.9,16.0,78.6,95.1,16.5,40.2,72.9,7.8,76.6,7.4,19.3,60.0,27.1,21.3,2.8,1.3,2.1
Central,Cape Cape Metropolitan Area (CCMA)-Cape Coast South & Cape Coast North,Metropolitan,5.1115501,-1.2484127,12.9,44.3,10.95,27.52,49.04,43.35,187365,11.4,29.3,39.9,56.2,98.4,95.7,69.9,64.7,57.4,20.9,16.0,78.6,95.1,16.5,40.2,72.9,7.8,76.6,7.4,19.3,60.0,27.1,21.3,2.8,1.3,2.1
Central,Effutu Municipal,Municipal,5.38339225,-0.597395635326539,21.7,44.2,18.59,29.94,65.75,37.48,108816,11.4,29.3,39.9,56.2,98.4,95.7,69.9,64.7,57.4,20.9,16.0,78.6,95.1,16.5,40.2,72.9,7.8,76.6,7.4,19.3,60.0,27.1,21.3,2.8,1.3,2.1
Central,Ekumfi,District,5.28914455,-0.908864632637807,31.5,45.6,32.59,59.34,51.79,68.79,56741,11.4,29.3,39.9,56.2,98.4,95.7,69.9,64.7,57.4,20.9,16.0,78.6,95.1,16.5,40.2,72.9,7.8,76.6,7.4,19.3,60.0,27.1,21.3,2.8,1.3,2.1
Central,Gomoa Central,District,5.47699369999999,-0.589745989100534,18.8,44.1,21.23,45.73,45.96,62.93,82592,11.4,29.3,39.9,56.2,98.4,95.7,69.9,64.7,57.4,20.9,16.0,78.6,95.1,16.5,40.2,72.9,7.8,76.6,7.4,19.3,60.0,27.1,21.3,2.8,1.3,2.1
Central,Gomoa East,District,5.47699369999999,-0.589745989100534,14.4,43.7,14.0,44.5,48.4,58.46,308697,11.4,29.3,39.9,56.2,98.4,95.7,69.9,64.7,57.4,20.9,16.0,78.6,95.1,16.5,40.2,72.9,7.8,76.6,7.4,19.3,60.0,27.1,21.3,2.8,1.3,2.1
Central,Gomoa West,District,5.38725545,-0.833638570821268,28.3,44.4,30.44,50.47,49.05,65.6,129512,11.4,29.3,39.9,56.2,98.4,95.7,69.9,64.7,57.4,20.9,16.0,78.6,95.1,16.5,40.2,72.9,7.8,76.6,7.4,19.3,60.0,27.1,21.3,2.8,1.3,2.1
Central,Komenda Edina Eguafo Abirem Municipal,Municipal,5.1302015,-1.43995928979516,25.1,44.2,26.06,45.3,49.94,61.85,166017,11.4,29.3,39.9,56.2,98.4,95.7,69.9,64.7,57.4,20.9,16.0,78.6,95.1,16.5,40.2,72.9,7.8,76.6,7.4,19.3,60.0,27.1,21.3,2.8,1.3,2.1
Central,Mfantsiman Municipal,Municipal,5.27644145,-1.03472089878279,24.0,44.8,23.38,39.69,51.22,60.06,168905,11.4,29.3,39.9,56.2,98.4,95.7,69.9,64.7,57.4,20.9,16.0,78.6,95.1,16.5,40.2,72.9,7.8,76.6,7.4,19.3,60.0,27.1,21.3,2.8,1.3,2.1
Central,Twifo Ati Morkwa,District,5.61529845,-1.57822136908747,34.1,42.7,27.22,44.01,49.29,65.55,100851,11.4,29.3,39.9,56.2,98.4,95.7,69.9,64.7,57.4,20.9,16.0,78.6,95.1,16.5,40.2,72.9,7.8,76.6,7.4,19.3,60.0,27.1,21.3,2.8,1.3,2.1
Central,Twifo Heman Lower Denkyira,District,5.49471475,-1.53636464977824,32.1,42.4,25.88,55.39,45.72,62.92,66075,11.4,29.3,39.9,56.2,98.4,95.7,69.9,64.7,57.4,20.9,16.0,78.6,95.1,16.5,40.2,72.9,7.8,76.6,7.4,19.3,60.0,27.1,21.3,2.8,1.3,2.1
Central,Upper Denkyira East Municipal,Municipal,5.83523424999999,-1.73920835777296,24.3,43.8,21.21,27.9,50.8,59.35,110141,11.4,29.3,39.9,56.2,98.4,95.7,69.9,64.7,57.4,20.9,16.0,78.6,95.1,16.5,40.2,72.9,7.8,76.6,7.4,19.3,60.0,27.1,21.3,2.8,1.3,2.1
Central,Upper Denkyira West,District,6.10783305,-2.06931071266353,24.5,43.6,28.16,48.34,43.64,56.29,91025,11.4,29.3,39.9,56.2,98.4,95.7,69.9,64.7,57.4,20.9,16.0,78.6,95.1,16.5,40.2,72.9,7.8,76.6,7.4,19.3,60.0,27.1,21.3,2.8,1.3,2.1
Eastern,Abuakwa North Municipal,Municipal,6.2336986,-0.382588987736012,15.7,42.9,14.47,20.35,51.68,51.69,76195,10.0,26.0,34.9,51.4,99.1,99.0,74.0,60.3,66.2,28.0,17.6,74.6,87.3,6.7,24.8,66.7,9.5,75.5,7.8,7.5,65.0,24.6,27.3,4.1,1.4,2.8
Eastern,Abuakwa South Municipal,Municipal,6.1727705,-0.470361048613095,21.1,43.4,19.44,21.98,51.29,51.78,89051,10.0,26.0,34.9,51.4,99.1,99.0,74.0,60.3,66.2,28.0,17.6,74.6,87.3,6.7,24.8,66.7,9.5,75.5,7.8,7.5,65.0,24.6,27.3,4.1,1.4,2.8
Eastern,Achiase,District,5.8354534,-0.9966928,29.9,44.6,25.7,31.76,51.87,62.2,56348,10.0,26.0,34.9,51.4,99.1,99.0,74.0,60.3,66.2,28.0,17.6,74.6,87.3,6.7,24.8,66.7,9.5,75.5,7.8,7.5,65.0,24.6,27.3,4.1,1.4,2.8
Eastern,Akwapim North Municipal,Municipal,5.9014961,-0.14597334325382,20.1,43.2,14.53,21.47,58.37,47.72,105315,10.0,26.0,34.9,51.4,99.1,99.0,74.0,60.3,66.2,28.0,17.6,74.6,87.3,6.7,24.8,66.7,9.5,75.5,7.8,7.5,65.0,24.6,27.3,4.1,1.4,2.8
Eastern,Akwapim South Municipal,Municipal,8.25846,0.508747,19.4,43.5,15.17,30.66,51.9,47.52,76922,10.0,26.0,34.9,51.4,99.1,99.0,74.0,60.3,66.2,28.0,17.6,74.6,87.3,6.7,24.8,66.7,9.5,75.5,7.8,7.5,65.0,24.6,27.3,4.1,1.4,2.8
Eastern,Akyemansa,District,6.0815994,-1.11546439579942,23.6,42.4,27.68,26.48,43.6,63.03,91038,10.0,26.0,34.9,51.4,99.1,99.0,74.0,60.3,66.2,28.0,17.6,74.6,87.3,6.7,24.8,66.7,9.5,75.5,7.8,7.5,65.0,24.6,27.3,4.1,1.4,2.8
Eastern,Asene Manso Akroso,District,5.85516295,-0.8089562448565,25.7,42.5,24.11,30.19,47.31,61.68,77498,10.0,26.0,34.9,51.4,99.1,99.0,74.0,60.3,66.2,28.0,17.6,74.6,87.3,6.7,24.8,66.7,9.5,75.5,7.8,7.5,65.0,24.6,27.3,4.1,1.4,2.8
Eastern,Asuogyaman,District,6.36279085,0.0952598707485648,21.8,43.1,18.67,21.4,51.68,53.45,101256,10.0,26.0,34.9,51.4,99.1,99.0,74.0,60.3,66.2,28.0,17.6,74.6,87.3,6.7,24.8,66.7,9.5,75.5,7.8,7.5,65.0,24.6,27.3,4.1,1.4,2.8
Eastern,Atiwa East,District,6.3954833,-0.597296233359515,18.4,42.4,20.07,17.86,45.86,61.28,64647,10.0,26.0,34.9,51.4,99.1,99.0,74.0,60.3,66.2,28.0,17.6,74.6,87.3,6.7,24.8,66.7,9.5,75.5,7.8,7.5,65.0,24.6,27.3,4.1,1.4,2.8
Eastern,Atiwa West,District,6.20778059999999,-0.635808682575408,18.9,42.5,20.46,29.79,42.76,61.08,61219,10.0,26.0,34.9,51.4,99.1,99.0,74.0,60.3,66.2,28.0,17.6,74.6,87.3,6.7,24.8,66.7,9.5,75.5,7.8,7.5,65.0,24.6,27.3,4.1,1.4,2.8
Eastern,Ayensuano,District,5.94469995,-0.449937193103216,29.1,42.9,27.38,46.51,42.7,63.48,94594,10.0,26.0,34.9,51.4,99.1,99.0,74.0,60.3,66.2,28.0,17.6,74.6,87.3,6.7,24.8,66.7,9.5,75.5,7.8,7.5,65.0,24.6,27.3,4.1,1.4,2.8
Eastern,Birim Central Municipal,Municipal,5.97391735,-1.00480959493596,11.9,41.9,13.04,12.18,51.4,49.89,76302,10.0,26.0,34.9,51.4,99.1,99.0,74.0,60.3,66.2,28.0,17.6,74.6,87.3,6.7,24.8,66.7,9.5,75.5,7.8,7.5,65.0,24.6,27.3,4.1,1.4,2.8
Eastern,Birim North,District,6.3681437,-1.02271793293055,18.3,42.6,21.3,17.16,45.72,60.07,82669,10.0,26.0,34.9,51.4,99.1,99.0,74.0,60.3,66.2,28.0,17.6,74.6,87.3,6.7,24.8,66.7,9.5,75.5,7.8,7.5,65.0,24.6,27.3,4.1,1.4,2.8
Eastern,Birim South,District,5.9375343,-1.0087951,24.9,43.6,20.44,29.4,50.64,57.15,35654,10.0,26.0,34.9,51.4,99.1,99.0,74.0,60.3,66.2,28.0,17.6,74.6,87.3,6.7,24.8,66.7,9.5,75.5,7.8,7.5,65.0,24.6,27.3,4.1,1.4,2.8
Eastern,Denkyembuor,District,6.05,-0.8,18.1,42.3,19.87,12.96,53.42,52.95,77029,10.0,26.0,34.9,51.4,99.1,99.0,74.0,60.3,66.2,28.0,17.6,74.6,87.3,6.7,24.8,66.7,9.5,75.5,7.8,7.5,65.0,24.6,27.3,4.1,1.4,2.8
Eastern,Fanteakwa North,District,6.49761694999999,-0.362546050326661,28.9,41.9,28.56,30.99,42.24,59.68,56987,10.0,26.0,34.9,51.4,99.1,99.0,74.0,60.3,66.2,28.0,17.6,74.6,87.3,6.7,24.8,66.7,9.5,75.5,7.8,7.5,65.0,24.6,27.3,4.1,1.4,2.8
Eastern,Fanteakwa South,District,6.37117379999999,-0.311872167608319,21.7,41.7,17.87,24.61,44.9,54.49,54634,10.0,26.0,34.9,51.4,99.1,99.0,74.0,60.3,66.2,28.0,17.6,74.6,87.3,6.7,24.8,66.7,9.5,75.5,7.8,7.5,65.0,24.6,27.3,4.1,1.4,2.8
Eastern,Kwaebibirem Municipal,Municipal,6.23359759999999,-0.87590978580917,19.6,42.9,20.38,20.02,46.8,58.37,121698,10.0,26.0,34.9,51.4,99.1,99.0,74.0,60.3,66.2,28.0,17.6,74.6,87.3,6.7,24.8,66.7,9.5,75.5,7.8,7.5,65.0,24.6,27.3,4.1,1.4,2.8
Eastern,Kwahu Afram Plains North,District,6.8753584,0.00474561233398435,48.5,41.9,42.23,48.1,39.26,65.65,66555,10.0,26.0,34.9,51.4,99.1,99.0,74.0,60.3,66.2,28.0,17.6,74.6,87.3,6.7,24.8,66.7,9.5,75.5,7.8,7.5,65.0,24.6,27.3,4.1,1.4,2.8
Eastern,Kwahu Afram Plains South,District,6.8854777,-0.460380290065423,39.1,41.6,40.55,44.69,37.9,67.64,74002,10.0,26.0,34.9,51.4,99.1,99.0,74.0,60.3,66.2,28.0,17.6,74.6,87.3,6.7,24.8,66.7,9.5,75.5,7.8,7.5,65.0,24.6,27.3,4.1,1.4,2.8
Eastern,Kwahu East,District,6.73342465,-0.81009459846416,29.4,42.0,23.88,31.3,48.68,56.9,80233,10.0,26.0,34.9,51.4,99.1,99.0,74.0,60.3,66.2,28.0,17.6,74.6,87.3,6.7,24.8,66.7,9.5,75.5,7.8,7.5,65.0,24.6,27.3,4.1,1.4,2.8
Eastern,Kwahu South Municipal,Municipal,8.25846,0.508747,28.8,43.4,23.7,28.58,50.51,60.3,79851,10.0,26.0,34.9,51.4,99.1,99.0,74.0,60.3,66.2,28.0,17.6,74.6,87.3,6.7,24.8,66.7,9.5,75.5,7.8,7.5,65.0,24.6,27.3,4.1,1.4,2.8
Eastern,Kwahu West Municipal,Municipal,6.49118254999999,-0.728456087972531,15.1,41.9,16.51,16.52,45.3,61.17,145429,10.0,26.0,34.9,51.4,99.1,99.0,74.0,60.3,66.2,28.0,17.6,74.6,87.3,6.7,24.8,66.7,9.5,75.5,7.8,7.5,65.0,24.6,27.3,4.1,1.4,2.8
Eastern,Lower Manya Krobo Municipal,Municipal,6.2127831,-0.0404975690174626,19.8,43.4,19.84,20.49,57.16,47.38,121849,10.0,26.0,34.9,51.4,99.1,99.0,74.0,60.3,66.2,28.0,17.6,74.6,87.3,6.7,24.8,66.7,9.5,75.5,7.8,7.5,65.0,24.6,27.3,4.1,1.4,2.8
Eastern,New Juaben North Municipal,Municipal,6.1364245,-0.312846157003848,10.6,41.7,9.87,11.26,54.38,42.71,88716,10.0,26.0,34.9,51.4,99.1,99.0,74.0,60.3,66.2,28.0,17.6,74.6,87.3,6.7,24.8,66.7,9.5,75.5,7.8,7.5,65.0,24.6,27.3,4.1,1.4,2.8
Eastern,New Juaben South Municipal,Municipal,6.0721368,-0.260652306105858,8.5,41.1,9.11,12.52,48.46,40.88,129741,10.0,26.0,34.9,51.4,99.1,99.0,74.0,60.3,66.2,28.0,17.6,74.6,87.3,6.7,24.8,66.7,9.5,75.5,7.8,7.5,65.0,24.6,27.3,4.1,1.4,2.8
Eastern,Nsawam Adoagyiri Municipal,Municipal,5.81791215,-0.36426765,13.0,43.4,15.54,29.26,46.65,52.98,155597,10.0,26.0,34.9,51.4,99.1,99.0,74.0,60.3,66.2,28.0,17.6,74.6,87.3,6.7,24.8,66.7,9.5,75.5,7.8,7.5,65.0,24.6,27.3,4.1,1.4,2.8
Eastern,Okere,District,6.04034605,-0.127770489495342,24.0,42.4,21.53,35.07,47.78,55.61,51675,10.0,26.0,34.9,51.4,99.1,99.0,74.0,60.3,66.2,28.0,17.6,74.6,87.3,6.7,24.8,66.7,9.5,75.5,7.8,7.5,65.0,24.6,27.3,4.1,1.4,2.8
Eastern,Suhum Municipal,Municipal,6.035885,-0.4552751,17.6,42.0,18.91,28.55,41.42,55.63,126403,10.0,26.0,34.9,51.4,99.1,99.0,74.0,60.3,66.2,28.0,17.6,74.6,87.3,6.7,24.8,66.7,9.5,75.5,7.8,7.5,65.0,24.6,27.3,4.1,1.4,2.8
Eastern,Upper Manya Krobo,District,6.40201115,-0.134429386146108,32.7,40.5,35.31,38.15,36.01,61.84,70612,10.0,26.0,34.9,51.4,99.1,99.0,74.0,60.3,66.2,28.0,17.6,74.6,87.3,6.7,24.8,66.7,9.5,75.5,7.8,7.5,65.0,24.6,27.3,4.1,1.4,2.8
Eastern,Upper West Akim,District,5.80678025,-0.540057196199224,29.7,43.7,28.33,49.22,44.61,63.86,95855,10.0,26.0,34.9,51.4,99.1,99.0,74.0,60.3,66.2,28.0,17.6,74.6,87.3,6.7,24.8,66.7,9.5,75.5,7.8,7.5,65.0,24.6,27.3,4.1,1.4,2.8
Eastern,West Akim Municipal,Municipal,5.9070609,-0.68318054757923,23.7,43.0,23.19,28.11,47.65,57.77,117681,10.0,26.0,34.9,51.4,99.1,99.0,74.0,60.3,66.2,28.0,17.6,74.6,87.3,6.7,24.8,66.7,9.5,75.5,7.8,7.5,65.0,24.6,27.3,4.1,1.4,2.8
Eastern,Yilo Krobo Municipal,Municipal,6.1564095,-0.167401779755807,21.5,42.1,21.14,29.42,44.66,54.94,122398,10.0,26.0,34.9,51.4,99.1,99.0,74.0,60.3,66.2,28.0,17.6,74.6,87.3,6.7,24.8,66.7,9.5,75.5,7.8,7.5,65.0,24.6,27.3,4.1,1.4,2.8
Greater Accra,Ablekuma Central Municipal,Municipal,5.5541808,-0.24078224491606,9.4,45.2,11.92,36.53,40.78,41.67,169145,9.7,39.9,33.3,51.3,99.2,99.5,78.7,70.0,62.1,39.1,16.8,84.5,88.5,13.4,32.2,79.2,18.0,84.6,4.4,5.8,39.0,19.0,26.0,3.8,1.1,2.5
Greater Accra,Ablekuma North Municipal,Municipal,5.58719365,-0.263259064824942,8.3,42.9,7.15,36.66,39.56,41.21,159208,9.7,39.9,33.3,51.3,99.2,99.5,78.7,70.0,62.1,39.1,16.8,84.5,88.5,13.4,32.2,79.2,18.0,84.6,4.4,5.8,39.0,19.0,26.0,3.8,1.1,2.5
Greater Accra,Ablekuma West Municipal,Municipal,5.5431939,-0.26615017413473,8.9,43.0,8.15,39.41,42.78,45.18,153490,9.7,39.9,33.3,51.3,99.2,99.5,78.7,70.0,62.1,39.1,16.8,84.5,88.5,13.4,32.2,79.2,18.0,84.6,4.4,5.8,39.0,19.0,26.0,3.8,1.1,2.5
Greater Accra,"Accra Metropolitan Area (AMA)-Ablekuma South, Ashiedu Keteke & Okaikoi South",Metropolitan,5.55381875,-0.205849787615075,11.1,43.9,16.66,38.04,41.15,35.46,276997,9.7,39.9,33.3,51.3,99.2,99.5,78.7,70.0,62.1,39.1,16.8,84.5,88.5,13.4,32.2,79.2,18.0,84.6,4.4,5.8,39.0,19.0,26.0,3.8,1.1,2.5
Greater Accra,Ada East,District,5.8761016,0.549568161630084,28.2,44.2,29.29,42.91,51.26,62.79,76411,9.7,39.9,33.3,51.3,99.2,99.5,78.7,70.0,62.1,39.1,16.8,84.5,88.5,13.4,32.2,79.2,18.0,84.6,4.4,5.8,39.0,19.0,26.0,3.8,1.1,2.5
Greater Accra,Ada West,District,5.9040093,0.420370257026968,40.1,44.7,33.13,59.26,49.9,74.22,76087,9.7,39.9,33.3,51.3,99.2,99.5,78.7,70.0,62.1,39.1,16.8,84.5,88.5,13.4,32.2,79.2,18.0,84.6,4.4,5.8,39.0,19.0,26.0,3.8,1.1,2.5
Greater Accra,Adentan Municipal,Municipal,5.7042433,-0.1690967,8.3,41.8,7.13,37.46,43.07,41.58,265971,9.7,39.9,33.3,51.3,99.2,99.5,78.7,70.0,62.1,39.1,16.8,84.5,88.5,13.4,32.2,79.2,18.0,84.6,4.4,5.8,39.0,19.0,26.0,3.8,1.1,2.5
Greater Accra,Ashaiman Municipal,Municipal,5.6993574,-0.0348533202566188,7.5,43.3,11.32,35.07,37.86,45.06,208060,9.7,39.9,33.3,51.3,99.2,99.5,78.7,70.0,62.1,39.1,16.8,84.5,88.5,13.4,32.2,79.2,18.0,84.6,4.4,5.8,39.0,19.0,26.0,3.8,1.1,2.5
Greater Accra,Ayawaso Central Municipal,Municipal,5.59137939999999,-0.212668442666915,12.2,42.8,9.12,43.81,44.05,37.83,94831,9.7,39.9,33.3,51.3,99.2,99.5,78.7,70.0,62.1,39.1,16.8,84.5,88.5,13.4,32.2,79.2,18.0,84.6,4.4,5.8,39.0,19.0,26.0,3.8,1.1,2.5
Greater Accra,Ayawaso East Municipal,Municipal,5.5828425,-0.194266228463183,15.4,44.0,19.03,38.87,51.72,41.36,53004,9.7,39.9,33.3,51.3,99.2,99.5,78.7,70.0,62.1,39.1,16.8,84.5,88.5,13.4,32.2,79.2,18.0,84.6,4.4,5.8,39.0,19.0,26.0,3.8,1.1,2.5
Greater Accra,Ayawaso North Municipal,Municipal,5.5908829,-0.199044848506062,13.9,43.8,14.26,33.99,50.2,40.2,63386,9.7,39.9,33.3,51.3,99.2,99.5,78.7,70.0,62.1,39.1,16.8,84.5,88.5,13.4,32.2,79.2,18.0,84.6,4.4,5.8,39.0,19.0,26.0,3.8,1.1,2.5
Greater Accra,Ayawaso West Municipal,Municipal,5.62669775,-0.179111178909241,9.3,41.6,5.41,35.1,54.61,24.61,75303,9.7,39.9,33.3,51.3,99.2,99.5,78.7,70.0,62.1,39.1,16.8,84.5,88.5,13.4,32.2,79.2,18.0,84.6,4.4,5.8,39.0,19.0,26.0,3.8,1.1,2.5
Greater Accra,Ga Central Municipal,Municipal,5.3203951,-2.0334832,8.3,42.6,7.0,43.68,41.33,45.77,332232,9.7,39.9,33.3,51.3,99.2,99.5,78.7,70.0,62.1,39.1,16.8,84.5,88.5,13.4,32.2,79.2,18.0,84.6,4.4,5.8,39.0,19.0,26.0,3.8,1.1,2.5
Greater Accra,Ga East Municipal,Municipal,5.669162,-0.333376,10.1,41.8,6.67,37.32,45.54,41.38,283379,9.7,39.9,33.3,51.3,99.2,99.5,78.7,70.0,62.1,39.1,16.8,84.5,88.5,13.4,32.2,79.2,18.0,84.6,4.4,5.8,39.0,19.0,26.0,3.8,1.1,2.5
Greater Accra,Ga North Municipal,Municipal,5.669162,-0.333376,10.5,42.3,8.04,36.7,46.83,45.75,235292,9.7,39.9,33.3,51.3,99.2,99.5,78.7,70.0,62.1,39.1,16.8,84.5,88.5,13.4,32.2,79.2,18.0,84.6,4.4,5.8,39.0,19.0,26.0,3.8,1.1,2.5
Greater Accra,Ga South Municipal,Municipal,5.669162,-0.333376,15.8,44.1,14.28,51.14,45.22,55.65,350121,9.7,39.9,33.3,51.3,99.2,99.5,78.7,70.0,62.1,39.1,16.8,84.5,88.5,13.4,32.2,79.2,18.0,84.6,4.4,5.8,39.0,19.0,26.0,3.8,1.1,2.5
Greater Accra,Ga West Municipal,Municipal,5.669162,-0.333376,10.5,43.3,11.33,39.3,45.61,56.36,314299,9.7,39.9,33.3,51.3,99.2,99.5,78.7,70.0,62.1,39.1,16.8,84.5,88.5,13.4,32.2,79.2,18.0,84.6,4.4,5.8,39.0,19.0,26.0,3.8,1.1,2.5
Greater Accra,Korle Klottey Municipal,Municipal,5.55901944999999,-0.19823054970895,10.6,43.4,9.2,34.32,44.23,30.32,68633,9.7,39.9,33.3,51.3,99.2,99.5,78.7,70.0,62.1,39.1,16.8,84.5,88.5,13.4,32.2,79.2,18.0,84.6,4.4,5.8,39.0,19.0,26.0,3.8,1.1,2.5
Greater Accra,Kpone Katamanso Municipal,Municipal,5.77159775,-0.0733651054089466,10.5,43.1,9.26,37.86,44.34,52.93,412828,9.7,39.9,33.3,51.3,99.2,99.5,78.7,70.0,62.1,39.1,16.8,84.5,88.5,13.4,32.2,79.2,18.0,84.6,4.4,5.8,39.0,19.0,26.0,3.8,1.1,2.5
Greater Accra,Krowor Municipal,Municipal,5.60941925,-0.0769277820845922,12.4,42.4,7.14,43.14,47.78,38.33,143012,9.7,39.9,33.3,51.3,99.2,99.5,78.7,70.0,62.1,39.1,16.8,84.5,88.5,13.4,32.2,79.2,18.0,84.6,4.4,5.8,39.0,19.0,26.0,3.8,1.1,2.5
Greater Accra,La Dade-Kotopon Municipal,Municipal,5.58947605,-0.156988356399583,8.9,43.1,5.47,37.07,42.18,39.59,140264,9.7,39.9,33.3,51.3,99.2,99.5,78.7,70.0,62.1,39.1,16.8,84.5,88.5,13.4,32.2,79.2,18.0,84.6,4.4,5.8,39.0,19.0,26.0,3.8,1.1,2.5
Greater Accra,La Nkwantanang Madina Municipal,Municipal,5.74468145,-0.172508699400876,11.3,42.7,7.71,35.27,47.04,41.39,220757,9.7,39.9,33.3,51.3,99.2,99.5,78.7,70.0,62.1,39.1,16.8,84.5,88.5,13.4,32.2,79.2,18.0,84.6,4.4,5.8,39.0,19.0,26.0,3.8,1.1,2.5
Greater Accra,Ledzokuku Municipal,Municipal,5.6050983,-0.114493361214251,11.3,43.3,8.55,37.76,46.33,40.42,217304,9.7,39.9,33.3,51.3,99.2,99.5,78.7,70.0,62.1,39.1,16.8,84.5,88.5,13.4,32.2,79.2,18.0,84.6,4.4,5.8,39.0,19.0,26.0,3.8,1.1,2.5
Greater Accra,Ningo-Prampram,Municipal,5.81176965,0.146110955005239,19.4,44.0,17.4,45.17,46.48,55.55,204673,9.7,39.9,33.3,51.3,99.2,99.5,78.7,70.0,62.1,39.1,16.8,84.5,88.5,13.4,32.2,79.2,18.0,84.6,4.4,5.8,39.0,19.0,26.0,3.8,1.1,2.5
Greater Accra,Okaikoi North Municipal,Municipal,5.6104365,-0.2395459,11.1,42.4,7.96,33.88,46.24,38.38,160446,9.7,39.9,33.3,51.3,99.2,99.5,78.7,70.0,62.1,39.1,16.8,84.5,88.5,13.4,32.2,79.2,18.0,84.6,4.4,5.8,39.0,19.0,26.0,3.8,1.1,2.5
Greater Accra,Shai-Osudoku,District,5.95875335,0.161872328401567,23.5,44.2,21.55,28.74,51.3,56.81,105610,9.7,39.9,33.3,51.3,99.2,99.5,78.7,70.0,62.1,39.1,16.8,84.5,88.5,13.4,32.2,79.2,18.0,84.6,4.4,5.8,39.0,19.0,26.0,3.8,1.1,2.5
Greater Accra,Tema Metropolitan Area (TMA)-Tema Central & Tema East,Metropolitan,5.6698,-0.01657,11.6,43.8,11.35,45.19,44.46,41.13,174494,9.7,39.9,33.3,51.3,99.2,99.5,78.7,70.0,62.1,39.1,16.8,84.5,88.5,13.4,32.2,79.2,18.0,84.6,4.4,5.8,39.0,19.0,26.0,3.8,1.1,2.5
Greater Accra,Tema West Municipal,Municipal,5.65076355,-0.0688760444019398,8.2,42.0,5.49,39.21,42.54,40.45,196224,9.7,39.9,33.3,51.3,99.2,99.5,78.7,70.0,62.1,39.1,16.8,84.5,88.5,13.4,32.2,79.2,18.0,84.6,4.4,5.8,39.0,19.0,26.0,3.8,1.1,2.5
Greater Accra,Weija Gbawe Municipal,Municipal,5.55414475,-0.296466750643799,8.7,42.9,7.82,39.69,41.93,48.05,213674,9.7,39.9,33.3,51.3,99.2,99.5,78.7,70.0,62.1,39.1,16.8,84.5,88.5,13.4,32.2,79.2,18.0,84.6,4.4,5.8,39.0,19.0,26.0,3.8,1.1,2.5
North East,Bunkpurugu Nakpanduri,District,10.632198,-0.180118,38.3,45.5,38.56,10.71,67.1,66.22,82384,26.0,38.8,10.6,28.0,83.2,93.5,42.6,48.7,38.9,13.5,12.2,35.8,54.3,7.3,12.3,27.2,3.0,33.2,55.1,34.4,121.0,14.8,22.5,0.6,,0.3
North East,Chereponi,District,10.1792653999999,0.207987165887793,53.8,44.2,56.31,37.28,59.91,97.72,87176,26.0,38.8,10.6,28.0,83.2,93.5,42.6,48.7,38.9,13.5,12.2,35.8,54.3,7.3,12.3,27.2,3.0,33.2,55.1,34.4,121.0,14.8,22.5,0.6,,0.3
North East,East Mamprusi Municipal,Municipal,10.45279035,-0.416678651029704,54.7,47.4,52.28,16.82,73.33,90.32,188006,26.0,38.8,10.6,28.0,83.2,93.5,42.6,48.7,38.9,13.5,12.2,35.8,54.3,7.3,12.3,27.2,3.0,33.2,55.1,34.4,121.0,14.8,22.5,0.6,,0.3
North East,Mamprugu Moagduri,District,10.23964,-1.27428,44.5,42.4,58.87,62.55,41.69,91.29,68746,26.0,38.8,10.6,28.0,83.2,93.5,42.6,48.7,38.9,13.5,12.2,35.8,54.3,7.3,12.3,27.2,3.0,33.2,55.1,34.4,121.0,14.8,22.5,0.6,,0.3
North East,West Mamprusi Municipal,Municipal,10.29738455,-0.764055036110824,41.5,45.8,46.8,15.36,67.94,84.88,175755,26.0,38.8,10.6,28.0,83.2,93.5,42.6,48.7,38.9,13.5,12.2,35.8,54.3,7.3,12.3,27.2,3.0,33.2,55.1,34.4,121.0,14.8,22.5,0.6,,0.3
North East,Yunyoo Nasuan,District,10.4415225,-0.0276844142154081,56.9,47.0,58.02,33.07,64.41,102.75,56879,26.0,38.8,10.6,28.0,83.2,93.5,42.6,48.7,38.9,13.5,12.2,35.8,54.3,7.3,12.3,27.2,3.0,33.2,55.1,34.4,121.0,14.8,22.5,0.6,,0.3
Northern,Gushegu Municipal,Municipal,9.9185016,-0.2164706,51.5,44.3,59.79,48.12,53.48,103.83,153965,15.6,22.8,14.4,28.8,69.9,90.3,45.0,42.8,39.6,15.3,7.9,50.1,67.7,12.7,28.9,34.1,9.4,37.8,53.4,47.0,73.0,16.6,22.3,0.6,,0.3
Northern,Karaga,District,9.9267799,-0.4316607,50.5,46.5,60.84,43.87,57.04,96.86,114225,15.6,22.8,14.4,28.8,69.9,90.3,45.0,42.8,39.6,15.3,7.9,50.1,67.7,12.7,28.9,34.1,9.4,37.8,53.4,47.0,73.0,16.6,22.3,0.6,,0.3
Northern,Kpandai,District,8.4635789,-0.0119853,48.6,42.1,51.02,53.63,41.44,83.61,126213,15.6,22.8,14.4,28.8,69.9,90.3,45.0,42.8,39.6,15.3,7.9,50.1,67.7,12.7,28.9,34.1,9.4,37.8,53.4,47.0,73.0,16.6,22.3,0.6,,0.3
Northern,Kumbungu,District,9.5591282,-0.9467086,45.0,46.4,50.71,35.69,66.73,90.33,110586,15.6,22.8,14.4,28.8,69.9,90.3,45.0,42.8,39.6,15.3,7.9,50.1,67.7,12.7,28.9,34.1,9.4,37.8,53.4,47.0,73.0,16.6,22.3,0.6,,0.3
Northern,Mion,District,9.45284905,-0.335525511842833,53.4,44.5,60.72,42.38,52.19,95.65,94930,15.6,22.8,14.4,28.8,69.9,90.3,45.0,42.8,39.6,15.3,7.9,50.1,67.7,12.7,28.9,34.1,9.4,37.8,53.4,47.0,73.0,16.6,22.3,0.6,,0.3
Northern,Nanton,District,9.55848269999999,-0.710728600167338,39.9,45.3,55.04,38.79,55.29,92.41,50767,15.6,22.8,14.4,28.8,69.9,90.3,45.0,42.8,39.6,15.3,7.9,50.1,67.7,12.7,28.9,34.1,9.4,37.8,53.4,47.0,73.0,16.6,22.3,0.6,,0.3
Northern,Nanumba North Municipal,Municipal,8.92200959999999,-0.138644700894755,41.5,41.4,53.02,43.86,46.05,91.42,188680,15.6,22.8,14.4,28.8,69.9,90.3,45.0,42.8,39.6,15.3,7.9,50.1,67.7,12.7,28.9,34.1,9.4,37.8,53.4,47.0,73.0,16.6,22.3,0.6,,0.3
Northern,Nanumba South,District,8.76637935,0.0549741822848612,46.3,42.3,54.98,43.47,44.84,100.09,106374,15.6,22.8,14.4,28.8,69.9,90.3,45.0,42.8,39.6,15.3,7.9,50.1,67.7,12.7,28.9,34.1,9.4,37.8,53.4,47.0,73.0,16.6,22.3,0.6,,0.3
Northern,Saboba,District,9.70870525,0.196098328672698,46.0,45.3,45.9,21.53,56.1,83.05,95683,15.6,22.8,14.4,28.8,69.9,90.3,45.0,42.8,39.6,15.3,7.9,50.1,67.7,12.7,28.9,34.1,9.4,37.8,53.4,47.0,73.0,16.6,22.3,0.6,,0.3
Northern,Sagnarigu Municipal,Municipal,9.48585935,-0.855049753344912,18.7,43.9,27.51,18.26,58.87,66.73,341711,15.6,22.8,14.4,28.8,69.9,90.3,45.0,42.8,39.6,15.3,7.9,50.1,67.7,12.7,28.9,34.1,9.4,37.8,53.4,47.0,73.0,16.6,22.3,0.6,,0.3
Northern,Savelugu Municipal,Municipal,9.6260647,-0.8258943,41.1,45.5,49.39,35.83,67.25,83.68,122888,15.6,22.8,14.4,28.8,69.9,90.3,45.0,42.8,39.6,15.3,7.9,50.1,67.7,12.7,28.9,34.1,9.4,37.8,53.4,47.0,73.0,16.6,22.3,0.6,,0.3
Northern,Tamale Metropolitan Area (TMA)-Tamale Central & Tamale South,Metropolitan,9.40078,-0.8393,21.0,44.0,33.61,26.65,52.76,66.34,367324,15.6,22.8,14.4,28.8,69.9,90.3,45.0,42.8,39.6,15.3,7.9,50.1,67.7,12.7,28.9,34.1,9.4,37.8,53.4,47.0,73.0,16.6,22.3,0.6,,0.3
Northern,Tatale Sanguli,District,9.34906725,0.514632473680653,52.4,43.5,54.72,48.75,48.15,93.79,74805,15.6,22.8,14.4,28.8,69.9,90.3,45.0,42.8,39.6,15.3,7.9,50.1,67.7,12.7,28.9,34.1,9.4,37.8,53.4,47.0,73.0,16.6,22.3,0.6,,0.3
Northern,Tolon,District,9.555956,-1.19792230212529,57.5,46.8,56.02,52.02,67.0,86.96,118090,15.6,22.8,14.4,28.8,69.9,90.3,45.0,42.8,39.6,15.3,7.9,50.1,67.7,12.7,28.9,34.1,9.4,37.8,53.4,47.0,73.0,16.6,22.3,0.6,,0.3
Northern,Yendi Municipal,Municipal,9.4739214,0.022769270127783,38.3,45.3,46.25,23.76,60.15,80.89,154421,15.6,22.8,14.4,28.8,69.9,90.3,45.0,42.8,39.6,15.3,7.9,50.1,67.7,12.7,28.9,34.1,9.4,37.8,53.4,47.0,73.0,16.6,22.3,0.6,,0.3
Northern,Zabzugu,District,9.294058,0.367064,42.7,43.3,55.77,39.02,54.98,95.77,82846,15.6,22.8,14.4,28.8,69.9,90.3,45.0,42.8,39.6,15.3,7.9,50.1,67.7,12.7,28.9,34.1,9.4,37.8,53.4,47.0,73.0,16.6,22.3,0.6,,0.3
Oti,Biakoye,District,7.39217985,0.262973639210098,34.2,42.2,31.34,39.0,41.32,66.48,71827,5.8,16.4,26.5,47.0,93.9,97.8,56.1,62.9,57.5,21.1,16.4,66.7,85.1,15.9,36.0,40.8,3.9,48.9,28.2,24.1,73.0,23.6,25.7,3.2,0.9,2.1
Oti,Guan,District,7.19092,0.60951,28.1,42.9,17.68,27.39,47.11,54.44,28238,5.8,16.4,26.5,47.0,93.9,97.8,56.1,62.9,57.5,21.1,16.4,66.7,85.1,15.9,36.0,40.8,3.9,48.9,28.2,24.1,73.0,23.6,25.7,3.2,0.9,2.1
Oti,Jasikan Municipal,Municipal,7.40707195,0.466071316332564,30.2,42.2,24.31,36.8,44.12,56.33,59695,5.8,16.4,26.5,47.0,93.9,97.8,56.1,62.9,57.5,21.1,16.4,66.7,85.1,15.9,36.0,40.8,3.9,48.9,28.2,24.1,73.0,23.6,25.7,3.2,0.9,2.1
Oti,Kadjebi,District,7.7210325,0.534053201682814,27.2,41.5,28.64,28.9,41.86,64.27,73959,5.8,16.4,26.5,47.0,93.9,97.8,56.1,62.9,57.5,21.1,16.4,66.7,85.1,15.9,36.0,40.8,3.9,48.9,28.2,24.1,73.0,23.6,25.7,3.2,0.9,2.1
Oti,Krachi East Municipal,Municipal,7.69817,0.22447,41.2,41.6,43.52,45.87,40.98,74.62,110435,5.8,16.4,26.5,47.0,93.9,97.8,56.1,62.9,57.5,21.1,16.4,66.7,85.1,15.9,36.0,40.8,3.9,48.9,28.2,24.1,73.0,23.6,25.7,3.2,0.9,2.1
Oti,Krachi Nchumuru,District,8.1892008,-0.0866133771431008,47.2,40.8,47.79,60.02,37.31,79.39,79934,5.8,16.4,26.5,47.0,93.9,97.8,56.1,62.9,57.5,21.1,16.4,66.7,85.1,15.9,36.0,40.8,3.9,48.9,28.2,24.1,73.0,23.6,25.7,3.2,0.9,2.1
Oti,Krachi West Municipal,Municipal,7.8,-0.01667,37.4,41.7,41.15,25.3,46.14,64.41,61128,5.8,16.4,26.5,47.0,93.9,97.8,56.1,62.9,57.5,21.1,16.4,66.7,85.1,15.9,36.0,40.8,3.9,48.9,28.2,24.1,73.0,23.6,25.7,3.2,0.9,2.1
Oti,Nkwanta North (Kpassa),District,8.4892994,0.3094664,55.2,41.7,54.93,73.17,42.37,86.82,126096,5.8,16.4,26.5,47.0,93.9,97.8,56.1,62.9,57.5,21.1,16.4,66.7,85.1,15.9,36.0,40.8,3.9,48.9,28.2,24.1,73.0,23.6,25.7,3.2,0.9,2.1
Oti,Nkwanta South Municipal,Municipal,8.25811615,0.509975335946734,42.8,41.8,44.77,52.28,40.65,76.01,135936,5.8,16.4,26.5,47.0,93.9,97.8,56.1,62.9,57.5,21.1,16.4,66.7,85.1,15.9,36.0,40.8,3.9,48.9,28.2,24.1,73.0,23.6,25.7,3.2,0.9,2.1
Savannah,Bole,District,8.69166865,-2.17855621492469,37.2,44.8,48.8,19.56,61.39,64.18,115800,10.0,31.4,17.0,29.7,82.9,80.2,39.4,38.5,31.3,14.4,6.0,55.4,70.9,14.2,32.8,30.9,3.3,31.8,46.9,57.8,116.0,16.6,21.4,0.6,,0.3
Savannah,Central Gonja,District,8.93715119999999,-1.10983922943129,61.8,46.6,56.92,46.18,68.51,90.18,142762,10.0,31.4,17.0,29.7,82.9,80.2,39.4,38.5,31.3,14.4,6.0,55.4,70.9,14.2,32.8,30.9,3.3,31.8,46.9,57.8,116.0,16.6,21.4,0.6,,0.3
Savannah,East Gonja Municipal,Municipal,8.347473,-0.7895018232454,38.8,43.1,51.28,29.47,54.45,73.64,117755,10.0,31.4,17.0,29.7,82.9,80.2,39.4,38.5,31.3,14.4,6.0,55.4,70.9,14.2,32.8,30.9,3.3,31.8,46.9,57.8,116.0,16.6,21.4,0.6,,0.3
Savannah,North East Gonja,District,8.98787705,-0.403868101269744,60.4,45.6,59.93,58.9,58.35,94.25,39404,10.0,31.4,17.0,29.7,82.9,80.2,39.4,38.5,31.3,14.4,6.0,55.4,70.9,14.2,32.8,30.9,3.3,31.8,46.9,57.8,116.0,16.6,21.4,0.6,,0.3
Savannah,North Gonja,District,8.98787705,-0.403868101269744,58.4,47.2,60.04,59.7,63.64,88.6,61443,10.0,31.4,17.0,29.7,82.9,80.2,39.4,38.5,31.3,14.4,6.0,55.4,70.9,14.2,32.8,30.9,3.3,31.8,46.9,57.8,116.0,16.6,21.4,0.6,,0.3
Savannah,Sawla Tuna Kalba,District,9.4809443,-2.41330933679435,54.2,46.9,58.73,42.85,65.47,78.14,112664,10.0,31.4,17.0,29.7,82.9,80.2,39.4,38.5,31.3,14.4,6.0,55.4,70.9,14.2,32.8,30.9,3.3,31.8,46.9,57.8,116.0,16.6,21.4,0.6,,0.3
Savannah,West Gonja,Municipal,9.5267018,-1.5071681,39.7,44.9,40.19,8.88,73.58,66.07,63449,10.0,31.4,17.0,29.7,82.9,80.2,39.4,38.5,31.3,14.4,6.0,55.4,70.9,14.2,32.8,30.9,3.3,31.8,46.9,57.8,116.0,16.6,21.4,0.6,,0.3
Upper East,Bawku Municipal,Municipal,11.0607602,-0.2422876,23.6,44.8,41.62,7.24,57.98,68.06,119458,26.6,47.8,17.8,41.4,95.9,96.9,72.4,69.2,51.5,32.4,15.7,58.6,63.7,3.2,13.9,55.2,9.1,56.8,25.9,21.2,70.0,24.7,17.9,0.8,0.4,0.6
Upper East,Bawku West,District,10.84277,-0.492947618512454,47.6,47.2,51.87,12.63,64.64,75.82,144189,26.6,47.8,17.8,41.4,95.9,96.9,72.4,69.2,51.5,32.4,15.7,58.6,63.7,3.2,13.9,55.2,9.1,56.8,25.9,21.2,70.0,24.7,17.9,0.8,0.4,0.6
Upper East,Binduri,District,10.9694889,-0.3062234,53.8,47.8,52.68,14.26,70.34,74.56,76679,26.6,47.8,17.8,41.4,95.9,96.9,72.4,69.2,51.5,32.4,15.7,58.6,63.7,3.2,13.9,55.2,9.1,56.8,25.9,21.2,70.0,24.7,17.9,0.8,0.4,0.6
Upper East,Bolgatanga East,District,10.7853963,-0.8487322,24.9,44.0,32.21,7.41,61.44,58.17,38824,26.6,47.8,17.8,41.4,95.9,96.9,72.4,69.2,51.5,32.4,15.7,58.6,63.7,3.2,13.9,55.2,9.1,56.8,25.9,21.2,70.0,24.7,17.9,0.8,0.4,0.6
Upper East,Bolgatanga Municipal,Municipal,10.7853963,-0.8487322,20.2,44.8,28.31,8.78,55.94,56.18,142509,26.6,47.8,17.8,41.4,95.9,96.9,72.4,69.2,51.5,32.4,15.7,58.6,63.7,3.2,13.9,55.2,9.1,56.8,25.9,21.2,70.0,24.7,17.9,0.8,0.4,0.6
Upper East,Bongo,District,10.9166838999999,-0.805767855895511,54.0,48.5,44.64,17.02,77.24,66.77,116431,26.6,47.8,17.8,41.4,95.9,96.9,72.4,69.2,51.5,32.4,15.7,58.6,63.7,3.2,13.9,55.2,9.1,56.8,25.9,21.2,70.0,24.7,17.9,0.8,0.4,0.6
Upper East,Builsa North Municipal,Municipal,10.73472,-1.29056,39.7,46.8,39.93,11.47,65.29,59.61,56571,26.6,47.8,17.8,41.4,95.9,96.9,72.4,69.2,51.5,32.4,15.7,58.6,63.7,3.2,13.9,55.2,9.1,56.8,25.9,21.2,70.0,24.7,17.9,0.8,0.4,0.6
Upper East,Builsa South,District,10.53032385,-1.26246582508358,55.1,47.7,51.08,21.89,69.7,65.73,36575,26.6,47.8,17.8,41.4,95.9,96.9,72.4,69.2,51.5,32.4,15.7,58.6,63.7,3.2,13.9,55.2,9.1,56.8,25.9,21.2,70.0,24.7,17.9,0.8,0.4,0.6
Upper East,Garu,District,10.76975475,-0.21182067584702,44.7,47.7,51.4,19.94,63.64,79.26,71774,26.6,47.8,17.8,41.4,95.9,96.9,72.4,69.2,51.5,32.4,15.7,58.6,63.7,3.2,13.9,55.2,9.1,56.8,25.9,21.2,70.0,24.7,17.9,0.8,0.4,0.6
Upper East,Kasena Nankana Municipal,Municipal,10.895598,-1.30768,33.8,47.1,32.68,12.46,65.6,53.68,99895,26.6,47.8,17.8,41.4,95.9,96.9,72.4,69.2,51.5,32.4,15.7,58.6,63.7,3.2,13.9,55.2,9.1,56.8,25.9,21.2,70.0,24.7,17.9,0.8,0.4,0.6
Upper East,Kasena Nankana West,District,10.895598,-1.30768,53.6,47.4,41.15,13.6,74.07,64.46,90735,26.6,47.8,17.8,41.4,95.9,96.9,72.4,69.2,51.5,32.4,15.7,58.6,63.7,3.2,13.9,55.2,9.1,56.8,25.9,21.2,70.0,24.7,17.9,0.8,0.4,0.6
Upper East,Nabdam,District,10.8469045,-0.661562047243897,68.6,51.2,46.53,19.84,84.5,58.36,53039,26.6,47.8,17.8,41.4,95.9,96.9,72.4,69.2,51.5,32.4,15.7,58.6,63.7,3.2,13.9,55.2,9.1,56.8,25.9,21.2,70.0,24.7,17.9,0.8,0.4,0.6
Upper East,Pusiga,District,11.0854045,-0.1276855,40.8,45.4,54.83,8.45,65.94,82.25,80533,26.6,47.8,17.8,41.4,95.9,96.9,72.4,69.2,51.5,32.4,15.7,58.6,63.7,3.2,13.9,55.2,9.1,56.8,25.9,21.2,70.0,24.7,17.9,0.8,0.4,0.6
Upper East,Talensi,District,10.6451057499999,-0.62587443176215,56.2,48.9,40.69,18.85,72.23,65.16,87021,26.6,47.8,17.8,41.4,95.9,96.9,72.4,69.2,51.5,32.4,15.7,58.6,63.7,3.2,13.9,55.2,9.1,56.8,25.9,21.2,70.0,24.7,17.9,0.8,0.4,0.6
Upper East,Tempane,District,10.9030714,-0.0914351270233069,50.7,48.1,54.79,18.29,68.74,80.32,86993,26.6,47.8,17.8,41.4,95.9,96.9,72.4,69.2,51.5,32.4,15.7,58.6,63.7,3.2,13.9,55.2,9.1,56.8,25.9,21.2,70.0,24.7,17.9,0.8,0.4,0.6
Upper West,Daffiama Bussie Issa,District,10.36748405,-2.26222672458466,38.7,44.4,55.65,26.29,57.63,70.44,38754,10.5,38.3,17.2,24.1,96.2,97.3,61.7,63.4,49.6,24.6,13.1,58.6,72.2,6.7,28.5,51.0,8.5,47.2,34.6,48.4,57.0,26.8,17.8,0.3,0.4,0.4
Upper West,Jirapa Municipal,Municipal,10.5366328,-2.7008646,50.1,47.4,49.11,12.44,73.6,64.95,91279,10.5,38.3,17.2,24.1,96.2,97.3,61.7,63.4,49.6,24.6,13.1,58.6,72.2,6.7,28.5,51.0,8.5,47.2,34.6,48.4,57.0,26.8,17.8,0.3,0.4,0.4
Upper West,Lambussie Karni,District,10.846747,-2.708741,44.2,46.0,50.17,11.42,64.88,73.97,51118,10.5,38.3,17.2,24.1,96.2,97.3,61.7,63.4,49.6,24.6,13.1,58.6,72.2,6.7,28.5,51.0,8.5,47.2,34.6,48.4,57.0,26.8,17.8,0.3,0.4,0.4
Upper West,Lawra Municipal,Municipal,10.61348995,-2.86412434170417,39.5,45.8,46.11,6.05,66.16,62.28,58433,10.5,38.3,17.2,24.1,96.2,97.3,61.7,63.4,49.6,24.6,13.1,58.6,72.2,6.7,28.5,51.0,8.5,47.2,34.6,48.4,57.0,26.8,17.8,0.3,0.4,0.4
Upper West,Nadowli Kaleo,District,10.2868347,-2.6394776056347,40.6,47.2,44.26,12.82,66.03,65.35,77057,10.5,38.3,17.2,24.1,96.2,97.3,61.7,63.4,49.6,24.6,13.1,58.6,72.2,6.7,28.5,51.0,8.5,47.2,34.6,48.4,57.0,26.8,17.8,0.3,0.4,0.4
Upper West,Nandom,Municipal,10.8520701,-2.760077,31.8,44.8,43.85,5.23,64.15,59.99,51328,10.5,38.3,17.2,24.1,96.2,97.3,61.7,63.4,49.6,24.6,13.1,58.6,72.2,6.7,28.5,51.0,8.5,47.2,34.6,48.4,57.0,26.8,17.8,0.3,0.4,0.4
Upper West,Sissala East Municipal,Municipal,10.59705475,-1.85050542952138,28.8,44.3,45.86,16.53,52.0,67.79,80619,10.5,38.3,17.2,24.1,96.2,97.3,61.7,63.4,49.6,24.6,13.1,58.6,72.2,6.7,28.5,51.0,8.5,47.2,34.6,48.4,57.0,26.8,17.8,0.3,0.4,0.4
Upper West,Sissala West,District,10.7467085,-2.29346951572635,32.3,46.1,49.84,12.48,59.7,76.74,63828,10.5,38.3,17.2,24.1,96.2,97.3,61.7,63.4,49.6,24.6,13.1,58.6,72.2,6.7,28.5,51.0,8.5,47.2,34.6,48.4,57.0,26.8,17.8,0.3,0.4,0.4
Upper West,Wa East,District,10.06069,-2.50192,48.7,45.3,58.2,31.36,55.34,75.17,91457,10.5,38.3,17.2,24.1,96.2,97.3,61.7,63.4,49.6,24.6,13.1,58.6,72.2,6.7,28.5,51.0,8.5,47.2,34.6,48.4,57.0,26.8,17.8,0.3,0.4,0.4
Upper West,Wa Municipal,Municipal,10.0623261,-2.5054273,16.5,43.4,27.15,10.89,57.15,57.29,200672,10.5,38.3,17.2,24.1,96.2,97.3,61.7,63.4,49.6,24.6,13.1,58.6,72.2,6.7,28.5,51.0,8.5,47.2,34.6,48.4,57.0,26.8,17.8,0.3,0.4,0.4
Upper West,Wa West,District,9.8985772,-2.6832633,61.9,48.7,56.7,30.87,67.36,78.47,96957,10.5,38.3,17.2,24.1,96.2,97.3,61.7,63.4,49.6,24.6,13.1,58.6,72.2,6.7,28.5,51.0,8.5,47.2,34.6,48.4,57.0,26.8,17.8,0.3,0.4,0.4
Volta,Adaklu,District,6.4470511,0.6286474,33.2,43.6,28.62,27.03,50.28,62.67,38649,17.5,38.0,32.1,56.1,99.2,99.7,69.8,65.0,61.4,32.3,15.1,70.0,86.9,6.8,19.9,72.0,10.1,76.4,6.7,12.7,44.0,23.7,28.1,3.2,0.9,2.1
Volta,Afadzato South,District,7.0222497,0.561946,32.5,43.7,19.28,28.94,53.76,61.1,73146,17.5,38.0,32.1,56.1,99.2,99.7,69.8,65.0,61.4,32.3,15.1,70.0,86.9,6.8,19.9,72.0,10.1,76.4,6.7,12.7,44.0,23.7,28.1,3.2,0.9,2.1
Volta,Agortime-Ziope,District,6.42618935,0.732357165932429,25.7,43.4,30.27,25.67,41.73,57.76,39553,17.5,38.0,32.1,56.1,99.2,99.7,69.8,65.0,61.4,32.3,15.1,70.0,86.9,6.8,19.9,72.0,10.1,76.4,6.7,12.7,44.0,23.7,28.1,3.2,0.9,2.1
Volta,Akatsi North,District,6.3108306,0.876439062223793,39.3,44.4,35.49,51.12,49.91,61.87,32755,17.5,38.0,32.1,56.1,99.2,99.7,69.8,65.0,61.4,32.3,15.1,70.0,86.9,6.8,19.9,72.0,10.1,76.4,6.7,12.7,44.0,23.7,28.1,3.2,0.9,2.1
Volta,Akatsi South Municipal,District,8.25846,0.508747,30.1,44.5,29.13,31.45,52.81,58.61,92133,17.5,38.0,32.1,56.1,99.2,99.7,69.8,65.0,61.4,32.3,15.1,70.0,86.9,6.8,19.9,72.0,10.1,76.4,6.7,12.7,44.0,23.7,28.1,3.2,0.9,2.1
Volta,Anloga,District,5.7936484,0.8984702,31.6,45.9,30.83,43.92,56.94,56.43,94895,17.5,38.0,32.1,56.1,99.2,99.7,69.8,65.0,61.4,32.3,15.1,70.0,86.9,6.8,19.9,72.0,10.1,76.4,6.7,12.7,44.0,23.7,28.1,3.2,0.9,2.1
Volta,Central Tongu,District,6.16884364999999,0.611561745917151,36.0,44.4,35.01,31.61,53.52,65.06,83284,17.5,38.0,32.1,56.1,99.2,99.7,69.8,65.0,61.4,32.3,15.1,70.0,86.9,6.8,19.9,72.0,10.1,76.4,6.7,12.7,44.0,23.7,28.1,3.2,0.9,2.1
Volta,Ho Municipal,Municipal,6.6126598,0.4688932,12.5,42.1,10.56,13.46,52.5,42.1,180142,17.5,38.0,32.1,56.1,99.2,99.7,69.8,65.0,61.4,32.3,15.1,70.0,86.9,6.8,19.9,72.0,10.1,76.4,6.7,12.7,44.0,23.7,28.1,3.2,0.9,2.1
Volta,Ho West,District,6.590707,0.46714,27.9,42.7,18.88,30.91,49.73,54.27,83172,17.5,38.0,32.1,56.1,99.2,99.7,69.8,65.0,61.4,32.3,15.1,70.0,86.9,6.8,19.9,72.0,10.1,76.4,6.7,12.7,44.0,23.7,28.1,3.2,0.9,2.1
Volta,Hohoe Municipal,Municipal,7.153187,0.477735,18.8,42.8,16.05,19.34,51.17,54.66,114472,17.5,38.0,32.1,56.1,99.2,99.7,69.8,65.0,61.4,32.3,15.1,70.0,86.9,6.8,19.9,72.0,10.1,76.4,6.7,12.7,44.0,23.7,28.1,3.2,0.9,2.1
Volta,Keta Municipal,Municipal,5.9215688,0.9910728,25.2,45.0,25.13,27.29,57.7,49.96,78862,17.5,38.0,32.1,56.1,99.2,99.7,69.8,65.0,61.4,32.3,15.1,70.0,86.9,6.8,19.9,72.0,10.1,76.4,6.7,12.7,44.0,23.7,28.1,3.2,0.9,2.1
Volta,Ketu North Municipal,Municipal,6.192057,0.981151401381816,27.2,44.3,31.57,38.02,49.34,59.77,114993,17.5,38.0,32.1,56.1,99.2,99.7,69.8,65.0,61.4,32.3,15.1,70.0,86.9,6.8,19.9,72.0,10.1,76.4,6.7,12.7,44.0,23.7,28.1,3.2,0.9,2.1
Volta,Ketu South Municipal,Municipal,6.07748514999999,1.0706219725046,25.6,45.4,30.06,47.86,53.02,64.09,253122,17.5,38.0,32.1,56.1,99.2,99.7,69.8,65.0,61.4,32.3,15.1,70.0,86.9,6.8,19.9,72.0,10.1,76.4,6.7,12.7,44.0,23.7,28.1,3.2,0.9,2.1
Volta,Kpando Municipal,Municipal,7.0000115,0.318327973849328,23.4,43.4,18.77,19.74,53.83,49.96,58552,17.5,38.0,32.1,56.1,99.2,99.7,69.8,65.0,61.4,32.3,15.1,70.0,86.9,6.8,19.9,72.0,10.1,76.4,6.7,12.7,44.0,23.7,28.1,3.2,0.9,2.1
Volta,North Dayi,District,6.91384645,0.22267318926127,30.1,43.6,19.33,22.86,53.81,52.43,39268,17.5,38.0,32.1,56.1,99.2,99.7,69.8,65.0,61.4,32.3,15.1,70.0,86.9,6.8,19.9,72.0,10.1,76.4,6.7,12.7,44.0,23.7,28.1,3.2,0.9,2.1
Volta,North Tongu,District,6.14399495,0.297188924896433,38.4,45.4,30.74,40.91,52.03,67.08,111410,17.5,38.0,32.1,56.1,99.2,99.7,69.8,65.0,61.4,32.3,15.1,70.0,86.9,6.8,19.9,72.0,10.1,76.4,6.7,12.7,44.0,23.7,28.1,3.2,0.9,2.1
Volta,South Dayi,District,6.5449087,0.240546020283373,29.0,44.3,21.28,20.93,56.87,55.64,57518,17.5,38.0,32.1,56.1,99.2,99.7,69.8,65.0,61.4,32.3,15.1,70.0,86.9,6.8,19.9,72.0,10.1,76.4,6.7,12.7,44.0,23.7,28.1,3.2,0.9,2.1
Volta,South Tongu,District,5.96577275,0.641061228110148,32.4,45.2,28.7,34.34,53.42,61.69,113114,17.5,38.0,32.1,56.1,99.2,99.7,69.8,65.0,61.4,32.3,15.1,70.0,86.9,6.8,19.9,72.0,10.1,76.4,6.7,12.7,44.0,23.7,28.1,3.2,0.9,2.1
Western,Ahanta West Municipal,Municipal,4.8514282,-1.98665461803006,27.2,44.7,24.99,46.3,49.01,60.15,153140,9.1,30.5,34.4,53.8,98.4,99.2,73.0,78.6,61.1,28.3,16.4,61.0,82.6,11.6,24.8,65.4,7.8,76.9,9.7,12.6,76.0,28.1,18.5,3.3,2.1,2.7
Western,Effia Kwesimintsim Municipal,Municipal,4.96766095,-1.80360599719917,9.3,42.5,8.98,23.32,47.64,46.05,173975,9.1,30.5,34.4,53.8,98.4,99.2,73.0,78.6,61.1,28.3,16.4,61.0,82.6,11.6,24.8,65.4,7.8,76.9,9.7,12.6,76.0,28.1,18.5,3.3,2.1,2.7
Western,Ellembelle,District,5.14952214999999,-2.42142536190491,33.3,42.8,26.28,30.29,54.45,58.01,120893,9.1,30.5,34.4,53.8,98.4,99.2,73.0,78.6,61.1,28.3,16.4,61.0,82.6,11.6,24.8,65.4,7.8,76.9,9.7,12.6,76.0,28.1,18.5,3.3,2.1,2.7
Western,Jomoro Municipal,Municipal,5.199616,-2.61473434715296,31.2,43.7,28.7,31.75,50.65,60.01,126576,9.1,30.5,34.4,53.8,98.4,99.2,73.0,78.6,61.1,28.3,16.4,61.0,82.6,11.6,24.8,65.4,7.8,76.9,9.7,12.6,76.0,28.1,18.5,3.3,2.1,2.7
Western,Mpohor,District,4.9705877,-1.8927971,31.4,44.3,26.28,48.47,47.95,55.2,52028,9.1,30.5,34.4,53.8,98.4,99.2,73.0,78.6,61.1,28.3,16.4,61.0,82.6,11.6,24.8,65.4,7.8,76.9,9.7,12.6,76.0,28.1,18.5,3.3,2.1,2.7
Western,Nzema East Municipal,Municipal,5.08576495,-2.22263416898707,38.2,43.0,34.41,49.09,45.57,59.15,94621,9.1,30.5,34.4,53.8,98.4,99.2,73.0,78.6,61.1,28.3,16.4,61.0,82.6,11.6,24.8,65.4,7.8,76.9,9.7,12.6,76.0,28.1,18.5,3.3,2.1,2.7
Western,Prestea/Huni Valley Municipal,Municipal,5.44481979999999,-2.04050432321944,29.5,43.8,25.74,48.87,49.8,58.77,229301,9.1,30.5,34.4,53.8,98.4,99.2,73.0,78.6,61.1,28.3,16.4,61.0,82.6,11.6,24.8,65.4,7.8,76.9,9.7,12.6,76.0,28.1,18.5,3.3,2.1,2.7
Western,"Sekondi Takoradi Metropolitan Area (STMA)- Takoradi, Sekondi & Essikado-Ketan",Metropolitan,4.95328,-1.73308,10.1,42.6,9.65,20.06,50.37,45.94,245382,9.1,30.5,34.4,53.8,98.4,99.2,73.0,78.6,61.1,28.3,16.4,61.0,82.6,11.6,24.8,65.4,7.8,76.9,9.7,12.6,76.0,28.1,18.5,3.3,2.1,2.7
Western,Shama,District,5.0606463,-1.64288365568687,22.0,44.4,20.93,30.4,48.6,61.9,117224,9.1,30.5,34.4,53.8,98.4,99.2,73.0,78.6,61.1,28.3,16.4,61.0,82.6,11.6,24.8,65.4,7.8,76.9,9.7,12.6,76.0,28.1,18.5,3.3,2.1,2.7
Western,Tarkwa-Nsuaem Municipal,Municipal,5.310935,-1.992426,18.2,43.5,17.82,28.38,49.7,50.78,219109,9.1,30.5,34.4,53.8,98.4,99.2,73.0,78.6,61.1,28.3,16.4,61.0,82.6,11.6,24.8,65.4,7.8,76.9,9.7,12.6,76.0,28.1,18.5,3.3,2.1,2.7
Western,Wassa Amenfi Central,District,5.7890318,-2.0839856,37.6,43.0,34.11,47.02,46.53,62.6,117999,9.1,30.5,34.4,53.8,98.4,99.2,73.0,78.6,61.1,28.3,16.4,61.0,82.6,11.6,24.8,65.4,7.8,76.9,9.7,12.6,76.0,28.1,18.5,3.3,2.1,2.7
Western,Wassa Amenfi East Municipal,Municipal,5.87660585,-1.98975398510416,35.5,44.4,32.21,45.97,53.08,54.47,179696,9.1,30.5,34.4,53.8,98.4,99.2,73.0,78.6,61.1,28.3,16.4,61.0,82.6,11.6,24.8,65.4,7.8,76.9,9.7,12.6,76.0,28.1,18.5,3.3,2.1,2.7
Western,Wassa Amenfi West Municipal,Municipal,5.7735167,-2.5321498,24.9,42.0,29.93,27.83,42.72,57.25,131000,9.1,30.5,34.4,53.8,98.4,99.2,73.0,78.6,61.1,28.3,16.4,61.0,82.6,11.6,24.8,65.4,7.8,76.9,9.7,12.6,76.0,28.1,18.5,3.3,2.1,2.7
Western,Wassa East,District,5.3622378,-1.62070954561049,38.0,42.0,31.67,53.4,39.56,64.93,99641,9.1,30.5,34.4,53.8,98.4,99.2,73.0,78.6,61.1,28.3,16.4,61.0,82.6,11.6,24.8,65.4,7.8,76.9,9.7,12.6,76.0,28.1,18.5,3.3,2.1,2.7
Western North,Aowin Municipal,Municipal,5.69311555,-2.7557437678514,37.1,41.9,38.74,33.75,43.1,59.29,133257,10.7,20.2,33.3,56.1,97.3,99.0,76.7,53.1,58.5,22.0,14.3,78.2,88.2,8.7,17.9,47.8,7.6,71.1,14.0,27.3,56.0,25.2,22.7,3.3,2.1,2.7
Western North,Bia East,District,6.817878,-3.00681786775424,32.9,41.5,42.63,43.89,38.19,66.07,53073,10.7,20.2,33.3,56.1,97.3,99.0,76.7,53.1,58.5,22.0,14.3,78.2,88.2,8.7,17.9,47.8,7.6,71.1,14.0,27.3,56.0,25.2,22.7,3.3,2.1,2.7
Western North,Bia West,District,6.56894165,-3.06628883975843,24.5,41.3,10.35,7.14,46.82,63.62,115881,10.7,20.2,33.3,56.1,97.3,99.0,76.7,53.1,58.5,22.0,14.3,78.2,88.2,8.7,17.9,47.8,7.6,71.1,14.0,27.3,56.0,25.2,22.7,3.3,2.1,2.7
Western North,Bibiani Anhwiaso Bekwai Municipal,Municipal,6.29602085,-2.23398871855776,25.8,41.9,13.49,8.9,49.3,58.37,167971,10.7,20.2,33.3,56.1,97.3,99.0,76.7,53.1,58.5,22.0,14.3,78.2,88.2,8.7,17.9,47.8,7.6,71.1,14.0,27.3,56.0,25.2,22.7,3.3,2.1,2.7
Western North,Bodi,District,6.24012575,-2.87347603617418,18.6,41.7,58.55,37.76,44.41,59.78,65748,10.7,20.2,33.3,56.1,97.3,99.0,76.7,53.1,58.5,22.0,14.3,78.2,88.2,8.7,17.9,47.8,7.6,71.1,14.0,27.3,56.0,25.2,22.7,3.3,2.1,2.7
Western North,Juaboso,District,6.3415722,-2.8235416,18.9,42.3,44.93,34.31,48.64,57.64,88814,10.7,20.2,33.3,56.1,97.3,99.0,76.7,53.1,58.5,22.0,14.3,78.2,88.2,8.7,17.9,47.8,7.6,71.1,14.0,27.3,56.0,25.2,22.7,3.3,2.1,2.7
Western North,Sefwi Akontombra,District,6.0425529,-2.8760069,24.5,42.2,44.28,27.02,40.09,63.03,66689,10.7,20.2,33.3,56.1,97.3,99.0,76.7,53.1,58.5,22.0,14.3,78.2,88.2,8.7,17.9,47.8,7.6,71.1,14.0,27.3,56.0,25.2,22.7,3.3,2.1,2.7
Western North,Sefwi Wiawso Municipal,Municipal,6.30540429999999,-2.51755838219394,33.3,42.4,28.08,24.68,47.32,56.6,151220,10.7,20.2,33.3,56.1,97.3,99.0,76.7,53.1,58.5,22.0,14.3,78.2,88.2,8.7,17.9,47.8,7.6,71.1,14.0,27.3,56.0,25.2,22.7,3.3,2.1,2.7
Western North,Suaman,District,6.10824159999999,-3.00869712063798,37.5,41.3,50.34,58.99,51.79,53.13,38268,10.7,20.2,33.3,56.1,97.3,99.0,76.7,53.1,58.5,22.0,14.3,78.2,88.2,8.7,17.9,47.8,7.6,71.1,14.0,27.3,56.0,25.2,22.7,3.3,2.1,2.7
