District,Region,LISA_Local_Morans_I,LISA_P_Value,LISA_Significant_Flag,LISA_Cluster_Type
Adentan Municipal,Greater Accra,0.5066264117594405,0.094,0,NS
Ledzokuku Municipal,Greater Accra,0.5066264117594405,0.094,0,NS
Chereponi,North East,3.6929526326599342,0.008,1,LL
Wa East,Upper West,3.3396564545463896,0.001,1,LL
Wa Municipal,Upper West,3.2472108574654692,0.002,1,LL
Saboba,Northern,3.6929526326599342,0.102,0,NS
Jirapa Municipal,Upper West,3.2472108574654692,0.001,1,LL
Gushegu Municipal,Northern,3.6929526326599342,0.001,1,LL
Sissala West,Upper West,3.2472108574654692,0.002,1,LL
Nanumba North Municipal,Northern,3.6929526326599342,0.001,1,LL
Lambussie Karni,Upper West,3.2472108574654692,0.002,1,LL
Bolgatanga Municipal,Upper East,2.44170123997755,0.002,1,LL
Nanumba South,Northern,2.864825257439595,0.001,1,LL
Wenchi Municipal,Bono,0.12437307932264474,0.199,0,NS
Bongo,Upper East,2.44170123997755,0.01,1,LL
Tano South Municipal,Ahafo,0.029388416915663976,0.486,0,NS
Kasena Nankana West,Upper East,-0.0,0.001,1,LL
Wa West,Upper West,3.3011374557626727,0.002,1,LL
Sunyani Municipal,Bono,0.12437307932264474,0.299,0,NS
Sawla Tuna Kalba,Savannah,3.6009384798576747,0.001,1,LL
Asante Akim South Municipal,Ashanti,4.1545588877219546e-05,0.442,0,NS
Sissala East Municipal,Upper West,3.2040695788277067,0.001,1,LL
Ada East,Greater Accra,0.27942008652019157,0.358,0,NS
Shai-Osudoku,Greater Accra,0.42142403979472215,0.134,0,NS
Kasena Nankana Municipal,Upper East,2.553930289310637,0.002,1,LL
Ada West,Greater Accra,0.3703026166158912,0.145,0,NS
Bunkpurugu Nakpanduri,North East,3.5549314034565445,0.001,1,LL
Garu,Upper East,2.6287496555326944,0.001,1,LL
Ningo-Prampram,Greater Accra,0.5066264117594405,0.091,0,NS
East Mamprusi Municipal,North East,3.4341628279035783,0.001,1,LL
La Dade-Kotopon Municipal,Greater Accra,0.5066264117594405,0.059,0,NS
Bawku West,Upper East,2.553930289310637,0.001,1,LL
Aowin Municipal,Western North,0.9047518548856542,0.003,1,HH
Dormaa East,Bono,0.12437307932264474,0.245,0,NS
Suaman,Western North,0.9047518548856542,0.004,1,HH
Berekum East Municipal,Bono,0.12437307932264474,0.207,0,NS
Bia East,Western North,0.6201009808896835,0.092,0,NS
Jaman South,Bono,0.12437307932264474,0.359,0,NS
Bia West,Western North,0.9047518548856542,0.05,0,NS
Sunyani West Municipal,Bono,0.1085423022548146,0.21,0,NS
Asunafo North Municipal,Ahafo,0.1947320885130008,0.084,0,NS
Bodi,Western North,0.9047518548856542,0.004,1,HH
Juaboso,Western North,0.7420942126022424,0.007,1,HH
Nkoranza North,Bono East,0.10628076267369602,0.211,0,NS
Kintampo South,Bono East,0.009788407212636283,0.486,0,NS
Shama,Western,0.7339613304880717,0.038,1,HH
Tano North Municipal,Ahafo,0.08818844602474729,0.277,0,NS
Wassa East,Western,0.611968098775513,0.032,1,HH
Ketu North Municipal,Volta,0.054271257111052344,0.368,0,NS
Mpohor,Western,0.9047518548856542,0.001,1,HH
Wassa Amenfi West Municipal,Western,0.9047518548856542,0.001,1,HH
Ketu South Municipal,Volta,0.054271257111052344,0.484,0,NS
Wassa Amenfi Central,Western,0.9047518548856541,0.001,1,HH
Keta Municipal,Volta,0.054271257111052344,0.338,0,NS
Kadjebi,Oti,0.054271257111052344,0.366,0,NS
Mfantsiman Municipal,Central,0.05427125711105234,0.447,0,NS
South Tongu,Volta,0.08614144762234226,0.175,0,NS
Ekumfi,Central,0.05427125711105234,0.447,0,NS
Twifo Heman Lower Denkyira,Central,0.08215767380843103,0.208,0,NS
Jasikan Municipal,Oti,0.05427125711105234,0.447,0,NS
Twifo Ati Morkwa,Central,0.11701569468015444,0.074,0,NS
Krachi East Municipal,Oti,0.058918993227282127,0.289,0,NS
Awutu Senya West,Central,0.08215767380843103,0.297,0,NS
Nkwanta South Municipal,Oti,-0.046119842999511,0.302,0,NS
Awutu Senya East Municipal,Central,0.08215767380843103,0.297,0,NS
Afigya Kwabre South,Ashanti,4.154558887721954e-05,0.444,0,NS
La Nkwantanang Madina Municipal,Greater Accra,0.5066264117594405,0.062,0,NS
Atwima Kwanwoma,Ashanti,4.154558887721955e-05,0.425,0,NS
Sekyere South,Ashanti,4.154558887721955e-05,0.455,0,NS
Ga East Municipal,Greater Accra,0.5066264117594405,0.063,0,NS
Ayawaso West Municipal,Greater Accra,0.5066264117594406,0.013,1,HH
Sekyere East,Ashanti,4.154558887721955e-05,0.427,0,NS
Ga South Municipal,Greater Accra,0.42142403979472215,0.127,0,NS
Ga West Municipal,Greater Accra,0.5066264117594405,0.062,0,NS
Sekyere Central,Ashanti,-0.00042139097289748025,0.493,0,NS
Ga Central Municipal,Greater Accra,0.5066264117594405,0.062,0,NS
Offinso North,Ashanti,-0.001405131166668717,0.29,0,NS
Krachi West Municipal,Oti,0.06356672934351192,0.432,0,NS
Offinso Municipal,Ashanti,4.154558887721954e-05,0.429,0,NS
Obuasi Municipal,Ashanti,4.1545588877219546e-05,0.443,0,NS
Krachi Nchumuru,Oti,-0.10839950695699012,0.133,0,NS
Kwabre East,Ashanti,4.154558887721954e-05,0.428,0,NS
Agortime-Ziope,Volta,0.054271257111052344,0.346,0,NS
Adaklu,Volta,0.05427125711105234,0.446,0,NS
Ejura Sekyedumase Municipal,Ashanti,-0.0007300153474139468,0.412,0,NS
Atwima Nwabiagya South Municipal,Ashanti,4.154558887721954e-05,0.45,0,NS
Akatsi South Municipal,Volta,0.05427125711105233,0.327,0,NS
Atwima Mponua,Ashanti,-0.0018444922553900753,0.194,0,NS
Akatsi North,Volta,0.05427125711105234,0.446,0,NS
Ho Municipal,Volta,0.054271257111052344,0.477,0,NS
Adansi South,Ashanti,-0.00034423487926836364,0.5,0,NS
Hohoe Municipal,Volta,0.054271257111052344,0.375,0,NS
Adansi Asokwa,Ashanti,4.154558887721954e-05,0.425,0,NS
Ho West,Volta,0.0,0.001,1,HL
Bosome Freho,Ashanti,4.154558887721955e-05,0.454,0,NS
Afadzato South,Volta,0.054271257111052344,0.375,0,NS
Ahafo Ano South East,Ashanti,4.154558887721954e-05,0.425,0,NS
North Dayi,Volta,0.05427125711105234,0.438,0,NS
Bekwai Municipal,Ashanti,4.154558887721954e-05,0.426,0,NS
Kpando Municipal,Volta,0.054271257111052344,0.375,0,NS
Bosomtwi,Ashanti,4.154558887721954e-05,0.424,0,NS
North Tongu,Volta,0.11004409050580974,0.22,0,NS
Central Tongu,Volta,0.054271257111052344,0.345,0,NS
Mampong Municipal,Ashanti,4.1545588877219546e-05,0.441,0,NS
Ajumako Enyan Essiam,Central,0.05427125711105233,0.32,0,NS
Gomoa West,Central,0.05427125711105233,0.32,0,NS
Agona West Municipal,Central,0.054271257111052344,0.371,0,NS
Agona East,Central,0.05427125711105234,0.438,0,NS
Assin North,Central,0.035680312646133194,0.406,0,NS
Assin South,Central,0.05427125711105233,0.32,0,NS
Asikuma Odoben Brakwa,Central,0.05427125711105233,0.32,0,NS
Effutu Municipal,Central,0.05427125711105234,0.438,0,NS
Gomoa East,Central,0.06821446545974168,0.216,0,NS
Abura Asebu Kwamankese,Central,0.054271257111052344,0.345,0,NS
Jomoro Municipal,Western,0.9047518548856541,0.011,1,HH
Ellembelle,Western,0.9047518548856542,0.007,1,HH
Dormaa Central Municipal,Bono,0.0,0.001,1,HL
Dormaa West,Bono,0.22991159310817885,0.163,0,NS
Nadowli Kaleo,Upper West,3.2472108574654692,0.003,1,LL
Prestea/Huni Valley Municipal,Western,0.7908915052872659,0.001,1,HH
Ahanta West Municipal,Western,0.9047518548856542,0.001,1,HH
Daffiama Bussie Issa,Upper West,3.2472108574654683,0.001,1,LL
Nzema East Municipal,Western,0.9047518548856542,0.001,1,HH
Lawra Municipal,Upper West,3.247210857465469,0.009,1,LL
Nandom,Upper West,3.2472108574654692,0.019,1,LL
Tarkwa-Nsuaem Municipal,Western,0.9047518548856542,0.001,1,HH
Talensi,Upper East,2.602028453310531,0.001,1,LL
Sefwi Akontombra,Western North,0.9047518548856542,0.002,1,HH
Effia Kwesimintsim Municipal,Western,0.9047518548856541,0.01,1,HH
Nabdam,Upper East,2.44170123997755,0.004,1,LL
Builsa South,Upper East,2.7409787048657823,0.002,1,LL
Builsa North Municipal,Upper East,2.44170123997755,0.035,1,LL
Binduri,Upper East,2.44170123997755,0.01,1,LL
Pusiga,Upper East,2.44170123997755,0.035,1,LL
Bawku Municipal,Upper East,2.44170123997755,0.004,1,LL
North Gonja,Savannah,3.65461340232566,0.001,1,LL
West Gonja,Savannah,3.6929526326599342,0.002,1,LL
Mion,Northern,3.692952632659934,0.001,1,LL
Yendi Municipal,Northern,3.6929526326599342,0.004,1,LL
Tolon,Northern,3.6929526326599342,0.001,1,LL
Kumbungu,Northern,3.6929526326599342,0.001,1,LL
West Mamprusi Municipal,North East,3.4341628279035783,0.001,1,LL
Mamprugu Moagduri,North East,3.5012564809885593,0.001,1,LL
Zabzugu,Northern,3.6929526326599342,0.002,1,LL
Tatale Sanguli,Northern,3.6929526326599342,0.1,0,NS
Sene East,Bono East,-0.03242699830157739,0.386,0,NS
Bibiani Anhwiaso Bekwai Municipal,Western North,0.4872639063582306,0.095,0,NS
Sene West,Bono East,-0.06137470493989531,0.311,0,NS
Upper Denkyira East Municipal,Central,0.0765803904689553,0.274,0,NS
Asutifi North,Ahafo,0.12437307932264474,0.251,0,NS
Ahafo Ano North Municipal,Ashanti,-0.0016944665177779047,0.357,0,NS
Amansie Central,Ashanti,-0.00017890039292025654,0.485,0,NS
Amansie West,Ashanti,4.154558887721954e-05,0.42,0,NS
Asutifi South,Ahafo,0.07009612937579857,0.339,0,NS
Techiman Municipal,Bono East,0.1032653765655379,0.253,0,NS
Upper Denkyira West,Central,0.08215767380843102,0.215,0,NS
Techiman North,Bono East,0.12437307932264474,0.292,0,NS
Cape Cape Metropolitan Area (CCMA)-Cape Coast South & Cape Coast North,Central,0.05427125711105234,0.438,0,NS
Komenda Edina Eguafo Abirem Municipal,Central,0.13793050720318845,0.134,0,NS
Banda,Bono,-0.03604546163136711,0.354,0,NS
Sefwi Wiawso Municipal,Western North,0.7197287867882735,0.005,1,HH
Jaman North,Bono,0.12437307932264474,0.29,0,NS
Asunafo South,Ahafo,0.18347464704254382,0.13,0,NS
Tain,Bono,0.12437307932264474,0.25,0,NS
Nkoranza South Municipal,Bono East,0.061049971051324224,0.433,0,NS
Sekyere Kumawu,Ashanti,4.154558887721954e-05,0.419,0,NS
Bole,Savannah,1.5076165036062599,0.037,1,LL
Sekyere Afram Plains,Ashanti,-0.00111579581555953,0.376,0,NS
Asante Akim North Municipal,Ashanti,4.154558887721955e-05,0.413,0,NS
Asante Akim Central Municipal,Ashanti,4.154558887721954e-05,0.423,0,NS
Kintampo North Municipal,Bono East,-0.35688254353939075,0.023,1,HL
Asokore Mampong Municipal,Ashanti,4.154558887721955e-05,0.417,0,NS
Atebubu Amantin Municipal,Bono East,0.07009612937579858,0.325,0,NS
Kwadaso Municipal,Ashanti,4.154558887721955e-05,0.417,0,NS
Kpandai,Northern,1.2085705069989152,0.081,0,NS
Ejisu Municipal,Ashanti,4.154558887721954e-05,0.458,0,NS
Nkwanta North (Kpassa),Oti,-0.28036574325749214,0.023,1,HL
Biakoye,Oti,0.058918993227282127,0.3,0,NS
Wassa Amenfi East Municipal,Western,0.5631708060904893,0.068,0,NS
Central Gonja,Savannah,3.0685708815017416,0.001,1,LL
Tema West Municipal,Greater Accra,0.5066264117594405,0.346,0,NS
Ashaiman Municipal,Greater Accra,0.5066264117594405,0.346,0,NS
Pru East,Bono East,-0.19646400258537897,0.112,0,NS
Kpone Katamanso Municipal,Greater Accra,0.5066264117594405,0.041,1,HH
Savelugu Municipal,Northern,3.6929526326599342,0.001,1,LL
Tamale Metropolitan Area (TMA)-Tamale Central & Tamale South,Northern,3.6929526326599342,0.001,1,LL
Sagnarigu Municipal,Northern,3.6929526326599342,0.001,1,LL
Karaga,Northern,3.6929526326599342,0.001,1,LL
North East Gonja,Savannah,2.1245295735305034,0.002,1,LL
South Dayi,Volta,0.054271257111052344,0.486,0,NS
Tempane,Upper East,2.44170123997755,0.009,1,LL
Bolgatanga East,Upper East,2.44170123997755,0.004,1,LL
Yunyoo Nasuan,North East,3.6929526326599342,0.002,1,LL
Nanton,Northern,3.6929526326599342,0.001,1,LL
Assin Central Municipal,Central,0.054271257111052344,0.374,0,NS
Gomoa Central,Central,0.05427125711105234,0.42,0,NS
Pru West,Bono East,-0.0093090381390318,0.431,0,NS
Berekum West,Bono,0.12437307932264474,0.354,0,NS
Ahafo Ano South West,Ashanti,-0.0008843275346721799,0.433,0,NS
Amansie South,Ashanti,-0.001501576283705113,0.34,0,NS
Atwima Nwabiagya North,Ashanti,4.154558887721955e-05,0.43,0,NS
Akrofuom,Ashanti,-0.0005371251133411551,0.447,0,NS
Adansi North,Ashanti,4.154558887721954e-05,0.432,0,NS
Obuasi East,Ashanti,4.1545588877219546e-05,0.445,0,NS
Afigya Kwabre North,Ashanti,4.1545588877219546e-05,0.445,0,NS
"Kumasi Metropolitan Area (KMA)-Bantama, Manhyia North, Manhyia South, Nhyiaeso, & Subin",Ashanti,4.154558887721954e-05,0.432,0,NS
Oforikrom Municipal,Ashanti,4.154558887721955e-05,0.43,0,NS
Asokwa Municipal,Ashanti,4.1545588877219546e-05,0.445,0,NS
Old Tafo Municipal,Ashanti,4.154558887721955e-05,0.43,0,NS
Suame Municipal,Ashanti,4.154558887721954e-05,0.432,0,NS
Juaben Municipal,Ashanti,4.154558887721955e-05,0.43,0,NS
Ablekuma Central Municipal,Greater Accra,0.5066264117594405,0.095,0,NS
Korle Klottey Municipal,Greater Accra,0.5066264117594405,0.044,1,HH
Ablekuma North Municipal,Greater Accra,0.5066264117594406,0.01,1,HH
Ayawaso North Municipal,Greater Accra,0.5066264117594405,0.044,1,HH
Ayawaso East Municipal,Greater Accra,0.5066264117594405,0.044,1,HH
Okaikoi North Municipal,Greater Accra,0.5066264117594405,0.027,1,HH
Ga North Municipal,Greater Accra,0.5066264117594405,0.095,0,NS
Weija Gbawe Municipal,Greater Accra,0.393023249139816,0.091,0,NS
Krowor Municipal,Greater Accra,0.5066264117594405,0.341,0,NS
Tema Metropolitan Area (TMA)-Tema Central & Tema East,Greater Accra,0.5066264117594405,0.341,0,NS
East Gonja Municipal,Savannah,1.0705492777955252,0.106,0,NS
Ablekuma West Municipal,Greater Accra,0.5066264117594405,0.064,0,NS
Ayawaso Central Municipal,Greater Accra,0.5066264117594405,0.064,0,NS
"Accra Metropolitan Area (AMA)-Ablekuma South, Ashiedu Keteke & Okaikoi South",Greater Accra,0.5066264117594405,0.091,0,NS
Anloga,Volta,0.09145314604089061,0.349,0,NS
"Sekondi Takoradi Metropolitan Area (STMA)- Takoradi, Sekondi & Essikado-Ketan",Western,0.9047518548856542,0.008,1,HH
Kwahu South Municipal,Eastern,1.1468015428992648,0.001,1,HH
Asene Manso Akroso,Eastern,1.1468015428992648,0.001,1,HH
Upper Manya Krobo,Eastern,1.1468015428992648,0.001,1,HH
Achiase,Eastern,1.1468015428992648,0.023,1,HH
Okere,Eastern,1.1468015428992646,0.003,1,HH
Yilo Krobo Municipal,Eastern,1.1468015428992648,0.001,1,HH
Atiwa West,Eastern,1.1468015428992648,0.001,1,HH
New Juaben North Municipal,Eastern,1.1468015428992648,0.001,1,HH
Fanteakwa North,Eastern,1.1468015428992648,0.001,1,HH
Birim North,Eastern,1.1468015428992648,0.001,1,HH
Asuogyaman,Eastern,1.1468015428992646,0.003,1,HH
Kwahu East,Eastern,1.1468015428992646,0.003,1,HH
Kwahu West Municipal,Eastern,1.1468015428992648,0.001,1,HH
Lower Manya Krobo Municipal,Eastern,1.1468015428992646,0.003,1,HH
Nsawam Adoagyiri Municipal,Eastern,1.1468015428992646,0.003,1,HH
Akwapim South Municipal,Eastern,1.1468015428992646,0.003,1,HH
Denkyembuor,Eastern,1.1468015428992648,0.001,1,HH
Kwaebibirem Municipal,Eastern,1.1468015428992648,0.001,1,HH
Kwahu Afram Plains South,Eastern,1.1468015428992648,0.001,1,HH
Kwahu Afram Plains North,Eastern,1.1468015428992646,0.003,1,HH
Suhum Municipal,Eastern,1.1468015428992648,0.001,1,HH
Ayensuano,Eastern,1.1468015428992648,0.001,1,HH
Abuakwa South Municipal,Eastern,1.1468015428992648,0.001,1,HH
Upper West Akim,Eastern,1.1468015428992648,0.001,1,HH
West Akim Municipal,Eastern,1.1468015428992648,0.001,1,HH
Akyemansa,Eastern,1.1468015428992648,0.001,1,HH
Atiwa East,Eastern,1.1468015428992648,0.001,1,HH
New Juaben South Municipal,Eastern,1.1468015428992648,0.001,1,HH
Birim South,Eastern,1.1468015428992648,0.001,1,HH
Abuakwa North Municipal,Eastern,1.1468015428992648,0.001,1,HH
Akwapim North Municipal,Eastern,1.1468015428992648,0.001,1,HH
Fanteakwa South,Eastern,1.1468015428992648,0.001,1,HH
Birim Central Municipal,Eastern,1.1468015428992648,0.001,1,HH
